subject,class,split,tsne1,tsne2
1,NoPain,train,-31.466787,-9.063469
1,NoPain,train,-8.913803,-10.191507
1,NoPain,train,-8.4479065,-7.66163
1,NoPain,train,-54.06005,5.007873
1,NoPain,train,-29.313679,15.923081
1,NoPain,train,-63.70166,9.255966
1,NoPain,train,-58.064865,9.104763
1,NoPain,train,-45.11462,-12.701433
1,NoPain,train,-65.12909,8.454352
1,NoPain,train,-50.06767,-4.9763074
1,NoPain,train,-53.197235,4.0112596
1,NoPain,train,-45.839474,-12.12094
1,PainArm,train,-44.81473,-12.889395
1,PainHand,train,-11.444585,21.29802
1,PainArm,train,-8.279488,-5.498156
1,PainHand,train,-19.5896,25.129513
1,PainArm,train,-14.956035,24.61266
1,PainHand,train,-28.443419,17.39287
1,PainArm,train,-60.042458,9.306191
1,PainHand,train,-67.06117,7.272878
1,PainArm,train,-56.607,8.159207
1,PainHand,train,-60.119194,9.324196
1,PainArm,train,-49.482887,-6.937576
1,PainHand,train,-59.009583,9.044054
1,PainArm,train,-51.196777,-1.9448955
1,PainHand,train,-52.90472,3.3994272
1,PainArm,train,-63.20348,9.07445
1,PainHand,train,-57.561447,8.439092
1,PainArm,train,-67.81595,6.7186985
1,PainHand,train,-62.58043,9.412467
1,PainArm,train,-64.65337,8.70844
1,PainHand,train,-67.68937,6.8185344
1,PainArm,train,-68.99763,5.67381
1,PainHand,train,-60.202576,9.660137
1,PainArm,train,-61.725792,9.514405
1,PainHand,train,-59.581295,9.220351
2,NoPain,train,-69.90755,0.42129073
2,NoPain,train,-69.6472,0.91533786
2,NoPain,train,-69.64806,0.91701347
2,NoPain,train,-69.91171,0.41829845
2,NoPain,train,-69.909935,0.4179761
2,NoPain,train,-70.67945,1.535157
2,NoPain,train,-70.46057,1.4222294
2,NoPain,train,-70.533424,1.1465173
2,NoPain,train,-73.20653,1.8179322
2,NoPain,train,-70.785194,1.5650423
2,NoPain,train,-70.717735,0.8301673
2,NoPain,train,-70.55808,1.4839231
2,PainArm,train,-69.667244,0.9965162
2,PainHand,train,-72.95351,2.3353176
2,PainArm,train,-72.14826,2.144437
2,PainHand,train,-70.809555,0.8330974
2,PainArm,train,-72.625786,2.2477725
2,PainHand,train,-73.80407,3.7306616
2,PainArm,train,-72.33713,2.2537556
2,PainHand,train,-70.86867,0.85185516
2,PainArm,train,-73.399315,2.1008518
2,PainHand,train,-73.85573,3.3973057
2,PainArm,train,-72.69621,1.535458
2,PainHand,train,-73.42587,2.3679805
2,PainArm,train,-73.705765,4.0195503
2,PainHand,train,-73.73365,3.9335546
2,PainArm,train,-73.4006,2.3536386
2,PainHand,train,-71.33699,1.0893477
2,PainArm,train,-71.09725,1.6514364
2,PainHand,train,-73.10601,1.732529
2,PainArm,train,-72.56864,2.228661
2,PainHand,train,-71.30622,1.7279509
2,PainArm,train,-71.72575,1.7148848
2,PainHand,train,-71.96761,1.9852554
2,PainArm,train,-71.558205,1.1458361
2,PainHand,train,-71.433136,1.1566715
4,NoPain,train,-34.10385,-13.111976
4,NoPain,train,-30.122938,-1.7578101
4,NoPain,train,-30.517487,-8.659631
4,NoPain,train,-30.517479,-8.659634
4,NoPain,train,-30.121508,-1.9457343
4,NoPain,train,-30.205923,0.17141643
4,NoPain,train,-30.134533,2.5643272
4,NoPain,train,-30.137064,-1.7535377
4,NoPain,train,-30.295366,-7.4580007
4,NoPain,train,-26.940392,21.17039
4,NoPain,train,-40.473377,-14.369051
4,NoPain,train,-41.318832,-14.327652
4,PainArm,train,-39.64246,-14.461542
4,PainHand,train,-38.52834,-14.519202
4,PainArm,train,-42.291576,-14.190675
4,PainHand,train,-30.504286,-8.659401
4,PainArm,train,-29.91842,-4.838137
4,PainHand,train,-35.131977,-13.705006
4,PainArm,train,-30.124014,2.5639913
4,PainHand,train,-28.45101,19.244684
4,PainArm,train,-29.227598,17.282711
4,PainHand,train,-26.948637,21.1539
4,PainArm,train,-29.915197,-5.1514115
4,PainHand,train,-15.534321,24.247583
4,PainArm,train,-33.28553,-12.456271
4,PainHand,train,-34.501907,-13.392384
4,PainArm,train,-33.93481,-13.002617
4,PainHand,train,-24.141808,23.08642
4,PainArm,train,-28.982965,18.121351
4,PainHand,train,-30.149052,-0.66906166
4,PainArm,train,-30.275793,0.57430375
4,PainHand,train,-30.287859,-7.8119993
4,PainArm,train,-30.78173,-9.112744
4,PainHand,train,-28.57277,19.018454
4,PainArm,train,-29.501608,16.254341
4,PainHand,train,-22.362728,24.032772
5,NoPain,train,-8.825303,13.049232
5,NoPain,train,-7.776277,-1.082136
5,NoPain,train,3.7547843,-27.235708
5,NoPain,train,-7.709244,-19.425653
5,NoPain,train,-6.774016,-21.390596
5,NoPain,train,13.351783,-18.945587
5,NoPain,train,15.396427,-14.329287
5,NoPain,train,4.070629,-27.331295
5,NoPain,train,12.981703,-20.624746
5,NoPain,train,15.3160305,-13.923665
5,NoPain,train,15.114472,-14.343507
5,NoPain,train,15.5279045,-14.403893
5,PainArm,train,-8.269469,-9.81673
5,PainHand,train,3.2285702,-26.603952
5,PainArm,train,-6.137489,0.74704766
5,PainHand,train,11.577108,-19.415827
5,PainArm,train,-8.4859085,-12.888359
5,PainHand,train,-4.6186266,-21.049412
5,PainArm,train,-6.6055956,0.4612354
5,PainHand,train,-7.7847037,-8.26253
5,PainArm,train,-6.977518,-13.940083
5,PainHand,train,0.72745305,-26.90798
5,PainArm,train,13.687598,-18.074352
5,PainHand,train,-6.5362487,-18.004519
5,PainArm,train,-7.047085,2.322217
5,PainHand,train,0.77104294,-26.474207
5,PainArm,train,-8.210125,-8.396595
5,PainHand,train,-5.8350635,-21.865015
5,PainArm,train,-1.3526328,-26.739882
5,PainHand,train,-7.4978223,-0.92007667
5,PainArm,train,-13.307731,24.315552
5,PainHand,train,3.7038636,-26.543339
5,PainArm,train,-4.8084598,-23.547392
5,PainHand,train,1.5316658,-26.806507
5,PainArm,train,-11.21682,19.579653
5,PainHand,train,7.7110944,-25.899584
6,NoPain,train,13.868536,7.0266743
6,NoPain,train,-10.721081,20.910446
6,NoPain,train,29.513449,24.767664
6,NoPain,train,48.25985,8.276035
6,NoPain,train,48.00386,8.160501
6,NoPain,train,44.484856,17.364191
6,NoPain,train,31.484112,21.234411
6,NoPain,train,-26.919552,18.711845
6,NoPain,train,45.99838,7.322007
6,NoPain,train,42.506466,13.995732
6,NoPain,train,46.6068,7.4027457
6,NoPain,train,20.76465,19.959013
6,PainArm,train,-7.5157337,-13.418287
6,PainHand,train,41.08004,14.801279
6,PainArm,train,-21.203238,26.207369
6,PainHand,train,42.99751,7.478633
6,PainArm,train,31.070036,20.504086
6,PainHand,train,-6.763602,-14.103937
6,PainArm,train,43.318073,7.577919
6,PainHand,train,44.474022,7.343412
6,PainArm,train,25.061298,20.829279
6,PainHand,train,43.740726,13.107991
6,PainArm,train,45.624557,6.8335853
6,PainHand,train,45.5422,7.039155
6,PainArm,train,45.326973,6.9684877
6,PainHand,train,45.302937,6.9822664
6,PainArm,train,45.90455,6.8684726
6,PainHand,train,45.75127,6.8334765
6,PainArm,train,46.197933,7.073276
6,PainHand,train,46.24812,7.2077103
6,PainArm,train,45.92747,7.3069897
6,PainHand,train,-9.471142,14.035919
6,PainArm,train,44.481007,13.299978
6,PainHand,train,42.95738,18.327118
6,PainArm,train,46.230865,7.1088977
6,PainHand,train,46.672356,7.4479775
8,NoPain,train,-72.595726,1.4085672
8,NoPain,train,-72.20288,1.8038783
8,NoPain,train,-72.564224,1.3970494
8,NoPain,train,-72.5209,1.3614497
8,NoPain,train,-72.1633,1.3338886
8,NoPain,train,12.473093,-18.779007
8,NoPain,train,18.274904,-5.6972203
8,NoPain,train,18.485445,-8.56424
8,NoPain,train,11.426883,-19.024189
8,NoPain,train,15.925921,4.642992
8,NoPain,train,-59.303104,9.583702
8,NoPain,train,15.5362215,-14.126724
8,PainArm,train,-73.85648,3.3709717
8,PainHand,train,-73.73074,3.944319
8,PainHand,train,12.460204,-18.976171
8,PainArm,train,-69.338005,5.341106
8,PainHand,train,17.064255,-7.729017
8,PainHand,train,16.071617,-7.2932405
8,PainArm,train,-62.853672,9.335267
8,PainArm,train,18.648666,13.366451
8,PainArm,train,19.109444,17.640106
8,PainHand,train,4.8943257,-27.180538
8,PainHand,train,-7.3514194,-18.981525
8,PainArm,train,7.7716055,-23.304346
8,PainArm,train,11.65225,-19.05179
8,PainHand,train,-33.65509,-10.5033
8,PainArm,train,-2.150565,-23.37155
8,PainHand,train,17.028267,-10.273491
8,PainArm,train,18.036436,-7.901944
8,PainHand,train,18.618088,-8.707347
8,PainArm,train,18.586975,-6.042732
8,PainHand,train,2.7389624,-25.315714
8,PainArm,train,6.1218047,-23.57305
8,PainHand,train,19.024609,-5.5430083
8,PainArm,train,19.885145,12.178957
8,PainHand,train,18.756405,-5.8393235
11,NoPain,train,-26.328278,21.593569
11,NoPain,train,-30.032114,-2.3737662
11,NoPain,train,-29.91699,-0.0930051
11,NoPain,train,-12.002829,22.471933
11,NoPain,train,-7.6773977,5.9774876
11,NoPain,train,-7.900152,4.497082
11,NoPain,train,-10.253431,20.732405
11,NoPain,train,-10.8957,21.577848
11,NoPain,train,10.36121,-26.092218
11,NoPain,train,-11.345402,21.897202
11,NoPain,train,-7.991613,4.1947017
11,NoPain,train,-8.648003,-0.046108186
11,PainArm,train,-9.545256,-12.433154
11,PainHand,train,0.29067063,-28.251469
11,PainArm,train,-5.322009,-25.514042
11,PainHand,train,-8.057127,3.0517766
11,PainArm,train,-8.083113,0.022109259
11,PainHand,train,-8.948141,15.682394
11,PainArm,train,-14.237124,24.01392
11,PainHand,train,-8.201232,-1.58973
11,PainHand,train,-8.151006,6.6192985
11,PainArm,train,-8.521788,-0.945958
11,PainHand,train,-8.829064,15.69078
11,PainArm,train,-7.810036,9.3790455
11,PainHand,train,-7.8989844,4.734207
11,PainArm,train,-8.216082,2.8656797
11,PainArm,train,-10.0922365,20.545359
11,PainHand,train,-10.540608,21.133446
11,PainArm,train,-7.89321,13.943088
11,PainHand,train,-8.017018,4.219642
11,PainArm,train,-4.2446027,-26.50219
11,PainHand,train,-9.7187,-12.870647
11,PainArm,train,-7.538771,6.622064
11,PainHand,train,-8.561165,-1.8455304
11,PainHand,train,-9.182964,-7.8254824
11,PainArm,train,14.418762,-7.106135
12,NoPain,train,24.028334,23.374945
12,NoPain,train,25.338514,24.023762
12,NoPain,train,15.0327635,-17.35088
12,NoPain,train,14.240543,-7.771155
12,NoPain,train,15.240326,13.178768
12,NoPain,train,36.491623,24.654886
12,NoPain,train,30.4799,24.95823
12,NoPain,train,36.056194,24.22145
12,NoPain,train,45.42765,-19.95548
12,NoPain,train,44.134285,18.744825
12,NoPain,train,47.868473,10.091737
12,NoPain,train,50.148376,-18.441761
12,PainHand,train,13.891261,6.01606
12,PainArm,train,-1.8069766,-27.466595
12,PainArm,train,14.697627,9.772771
12,PainHand,train,14.684617,-7.558368
12,PainHand,train,14.203195,8.688531
12,PainArm,train,11.155279,-24.364218
12,PainHand,train,40.712116,22.389137
12,PainArm,train,20.834755,21.093262
12,PainArm,train,46.744915,14.008429
12,PainHand,train,38.90295,23.698708
12,PainHand,train,14.891822,-6.8275414
12,PainArm,train,15.10029,-0.9176593
12,PainArm,train,49.362816,5.124305
12,PainArm,train,46.92058,-19.785246
12,PainHand,train,-9.489197,-13.115709
12,PainHand,train,14.546408,-3.2807457
12,PainHand,train,37.654312,24.020178
12,PainHand,train,35.74142,24.40928
12,PainArm,train,-8.492316,-4.417779
12,PainArm,train,14.655232,-18.355833
12,PainHand,train,37.17777,24.56526
12,PainArm,train,15.821414,13.901744
12,PainArm,train,30.21953,25.150452
12,PainHand,train,41.572327,21.610083
13,NoPain,train,-36.781265,-14.1185875
13,NoPain,train,14.322718,-17.77537
13,NoPain,train,-42.25946,-14.443054
13,NoPain,train,-8.126429,-20.040005
13,NoPain,train,-7.594638,-21.66563
13,NoPain,train,3.0326095,-26.8099
13,NoPain,train,7.2363567,-25.225878
13,NoPain,train,15.249077,-12.42901
13,NoPain,train,-9.583678,17.244743
13,NoPain,train,-18.785015,25.685522
13,NoPain,train,-7.62328,-12.035317
13,NoPain,train,8.083123,-26.229197
13,PainHand,train,14.670488,-16.046494
13,PainArm,train,0.37974122,-27.240929
13,PainHand,train,6.591194,-26.031807
13,PainArm,train,8.074453,-24.893732
13,PainHand,train,15.610408,-10.224114
13,PainHand,train,12.590323,-19.789762
13,PainArm,train,-5.308329,-22.656807
13,PainArm,train,6.09702,-26.63024
13,PainArm,train,-8.011158,-2.2828605
13,PainHand,train,12.680166,-20.050446
13,PainHand,train,-3.9071174,-23.18224
13,PainArm,train,13.958912,-16.725843
13,PainArm,train,8.35959,-25.856747
13,PainHand,train,6.6798244,-25.621023
13,PainArm,train,16.009058,-6.839595
13,PainHand,train,4.1214395,-25.916397
13,PainHand,train,-4.8909664,-21.20871
13,PainArm,train,6.980791,-24.65555
13,PainArm,train,12.225399,-19.707216
13,PainHand,train,-2.4093757,-23.490541
13,PainHand,train,-7.447573,-13.514262
13,PainHand,train,-18.854332,25.92491
13,PainArm,train,3.041096,-26.661348
13,PainArm,train,-7.344135,-10.485396
15,NoPain,train,-8.685221,-19.803452
15,NoPain,train,-7.7226524,-22.425306
15,NoPain,train,-6.772844,-25.00542
15,NoPain,train,-9.89066,-10.941219
15,NoPain,train,-9.589998,-10.976381
15,NoPain,train,10.489417,-26.232122
15,NoPain,train,3.9143262,-28.322575
15,NoPain,train,-0.9535736,-28.25287
15,NoPain,train,-6.4298844,-25.679617
15,NoPain,train,-8.675213,-0.039485935
15,NoPain,train,-5.976469,-25.455292
15,NoPain,train,-5.7345037,-25.737078
15,PainHand,train,-9.177285,-7.204541
15,PainHand,train,-6.4364033,-25.69335
15,PainArm,train,-6.4214363,-25.6628
15,PainArm,train,-5.935865,-25.8632
15,PainHand,train,-5.8171372,-25.269367
15,PainHand,train,-5.948087,-25.873102
15,PainArm,train,-9.257045,-7.752615
15,PainHand,train,-8.68845,-0.035715617
15,PainHand,train,-8.7125845,-19.510458
15,PainHand,train,-2.6600368,-27.466354
15,PainArm,train,10.53208,-26.288836
15,PainHand,train,-8.646181,-19.920467
15,PainHand,train,-9.912262,-10.939938
15,PainArm,train,-1.4291006,-28.093082
15,PainHand,train,10.418287,-26.144367
15,PainArm,train,13.643417,7.6997013
15,PainArm,train,12.573951,-23.131092
15,PainArm,train,6.0487423,-27.959356
15,PainArm,train,0.1798555,-28.43229
15,PainArm,train,3.1595218,-28.41159
15,PainArm,train,10.704212,-26.464159
15,PainHand,train,12.617213,-23.045273
15,PainHand,train,9.422854,-27.08397
15,PainArm,train,9.965478,-26.746796
16,NoPain,train,-47.232235,-10.255258
16,NoPain,train,-51.533447,-0.059230305
16,NoPain,train,14.575652,-3.059725
16,NoPain,train,22.202654,21.97815
16,NoPain,train,-39.742043,-14.6316395
16,NoPain,train,-56.902386,8.007001
16,NoPain,train,-65.82281,8.065546
16,NoPain,train,-53.19311,2.9429603
16,NoPain,train,-24.929926,22.654514
16,NoPain,train,14.607934,1.7626863
16,NoPain,train,-58.1719,9.219406
16,NoPain,train,-47.52967,-9.957023
16,PainArm,train,-58.677433,9.083135
16,PainArm,train,-51.292645,-0.6820672
16,PainHand,train,-71.31096,3.9437587
16,PainHand,train,-54.145977,5.201268
16,PainArm,train,-62.436703,9.452119
16,PainArm,train,-67.9763,6.5924087
16,PainHand,train,-58.921387,9.031228
16,PainHand,train,-64.358406,8.867896
16,PainArm,train,-54.373005,5.443795
16,PainArm,train,-63.94572,8.89724
16,PainHand,train,-63.24822,9.057602
16,PainHand,train,-65.76552,8.0985775
16,PainArm,train,-60.87863,9.54908
16,PainArm,train,-26.366364,21.0435
16,PainHand,train,-57.616123,8.470564
16,PainArm,train,-51.524593,-0.08524276
16,PainArm,train,-57.1741,8.724746
16,PainHand,train,49.486626,5.143152
16,PainHand,train,-9.129718,17.504274
16,PainHand,train,-55.61633,7.042122
16,PainArm,train,38.20053,23.900242
16,PainHand,train,28.396317,24.615908
16,PainHand,train,19.144634,17.498363
16,PainArm,train,-28.097187,18.13183
18,NoPain,train,-16.263615,24.535236
18,NoPain,train,-16.263628,24.535206
18,NoPain,train,-51.629574,-1.392994
18,NoPain,train,-45.18819,-12.488206
18,NoPain,train,62.12201,-8.790766
18,NoPain,train,14.160743,10.473297
18,NoPain,train,24.409502,23.719675
18,NoPain,train,48.098434,12.068488
18,NoPain,train,-49.013718,-7.5422034
18,NoPain,train,11.166768,-25.986855
18,NoPain,train,-44.526905,-13.018097
18,NoPain,train,-48.239685,-9.047011
18,PainArm,train,-8.085542,-21.54789
18,PainArm,train,-30.133259,-0.96521044
18,PainHand,train,62.17514,-9.169089
18,PainHand,train,-23.064066,23.83639
18,PainArm,train,14.0059805,2.1775703
18,PainArm,train,10.745844,-26.49055
18,PainArm,train,-68.106476,6.4824104
18,PainArm,train,49.540733,7.1553617
18,PainHand,train,-7.5738764,8.498524
18,PainArm,train,-38.826546,-14.551392
18,PainArm,train,-46.696556,-10.872609
18,PainHand,train,5.699496,-28.077606
18,PainHand,train,62.150364,-9.206582
18,PainHand,train,14.114792,-0.13869098
18,PainArm,train,-10.577112,21.297482
18,PainHand,train,-53.52701,3.856908
18,PainHand,train,-21.445784,24.338865
18,PainHand,train,-51.500793,-1.596891
18,PainHand,train,14.231083,-8.624765
18,PainHand,train,-18.76947,24.70029
18,PainArm,train,-57.48192,8.936768
18,PainArm,train,15.248498,-16.837048
18,PainHand,train,15.654118,14.460593
18,PainArm,train,-57.488903,8.950878
21,NoPain,train,44.53723,13.535075
21,NoPain,train,36.98082,-11.117156
21,NoPain,train,37.25427,-11.643154
21,NoPain,train,47.775425,4.273197
21,NoPain,train,38.219887,-11.869492
21,NoPain,train,37.28128,-12.146018
21,NoPain,train,46.883,5.6886287
21,NoPain,train,37.504513,-11.557348
21,NoPain,train,37.31538,-11.850262
21,NoPain,train,37.775177,-11.265374
21,NoPain,train,37.12438,-10.502889
21,NoPain,train,37.973766,-11.113291
21,PainArm,train,47.206085,4.8078704
21,PainArm,train,44.254745,13.115482
21,PainHand,train,32.082466,22.577211
21,PainHand,train,47.57813,4.2075787
21,PainArm,train,37.815994,-10.6751585
21,PainArm,train,44.116085,13.256573
21,PainArm,train,38.291744,-10.794393
21,PainArm,train,37.758015,-11.273436
21,PainHand,train,37.072353,-11.32478
21,PainArm,train,37.078915,-10.773815
21,PainArm,train,46.548,5.2751675
21,PainHand,train,37.027332,-11.229692
21,PainHand,train,37.89977,-11.203432
21,PainHand,train,37.086372,-10.867618
21,PainArm,train,37.846806,-9.949105
21,PainHand,train,46.942627,4.864199
21,PainHand,train,37.3862,-10.058803
21,PainHand,train,37.312725,-10.116715
21,PainHand,train,37.70698,-10.069815
21,PainHand,train,46.104206,6.619133
21,PainArm,train,37.059002,-10.545351
21,PainArm,train,37.937023,-10.307696
21,PainHand,train,37.593628,-10.7806225
21,PainArm,train,37.944977,-10.467877
22,NoPain,train,10.64743,-23.554176
22,NoPain,train,32.672577,23.995098
22,NoPain,train,-12.0161085,22.190351
22,NoPain,train,13.402575,-18.292217
22,NoPain,train,-34.939194,-12.881343
22,NoPain,train,-10.046168,20.297522
22,NoPain,train,-6.5291395,-24.98091
22,NoPain,train,30.89458,24.066574
22,NoPain,train,-8.0637,15.2668295
22,NoPain,train,38.46918,22.960783
22,NoPain,train,2.8341236,-28.13579
22,NoPain,train,-20.516933,24.565836
22,PainArm,train,-8.034483,-7.939602
22,PainArm,train,-7.515114,-10.271593
22,PainHand,train,20.41843,14.128149
22,PainHand,train,38.573036,-10.413769
22,PainArm,train,27.275532,24.067762
22,PainArm,train,7.753196,-24.387762
22,PainHand,train,18.592264,5.5520935
22,PainHand,train,42.008465,13.87689
22,PainArm,train,43.759247,8.295423
22,PainArm,train,31.660263,21.636513
22,PainHand,train,8.392957,-25.111515
22,PainHand,train,14.741358,-15.572632
22,PainArm,train,24.87561,22.980783
22,PainArm,train,-1.5490273,-26.859283
22,PainHand,train,-13.552166,23.418339
22,PainArm,train,-28.304161,19.084236
22,PainArm,train,46.497787,14.987636
22,PainHand,train,-1.1106814,-27.893734
22,PainHand,train,-23.60038,23.562906
22,PainHand,train,46.73109,14.618308
22,PainArm,train,-51.935425,-0.6161144
22,PainHand,train,-49.596233,-5.796438
22,PainHand,train,33.77136,24.896585
22,PainArm,train,-51.70358,-0.6527991
24,NoPain,train,44.374077,15.819698
24,NoPain,train,43.961594,16.529968
24,NoPain,train,33.086548,23.442368
24,NoPain,train,41.399876,20.392279
24,NoPain,train,33.08661,23.443178
24,NoPain,train,42.56838,-19.748152
24,NoPain,train,39.7845,21.875263
24,NoPain,train,29.974678,24.242596
24,NoPain,train,24.523312,23.362333
24,NoPain,train,40.002262,22.523737
24,NoPain,train,33.269367,24.193213
24,NoPain,train,38.517174,22.954788
24,PainArm,train,44.012783,14.359219
24,PainArm,train,41.03412,20.511322
24,PainHand,train,20.398977,17.676657
24,PainHand,train,33.159466,23.735
24,PainArm,train,40.488293,21.636816
24,PainArm,train,30.083622,24.188478
24,PainHand,train,15.952727,3.6125293
24,PainHand,train,12.216498,-19.913862
24,PainArm,train,16.193031,-7.3272576
24,PainArm,train,17.49034,13.951431
24,PainHand,train,17.727476,15.053686
24,PainHand,train,15.720502,-10.914897
24,PainArm,train,17.672838,15.1832905
24,PainArm,train,39.344376,22.761843
24,PainHand,train,47.095375,11.922739
24,PainArm,train,46.80917,12.896084
24,PainArm,train,39.71531,22.65439
24,PainHand,train,37.309875,23.94982
24,PainHand,train,14.731195,-13.703758
24,PainHand,train,-0.71367013,-27.880062
24,PainArm,train,16.185888,14.45634
24,PainHand,train,12.975248,-19.254309
24,PainHand,train,33.460205,22.480701
24,PainArm,train,24.087313,21.18504
25,NoPain,train,61.752777,-8.797478
25,NoPain,train,42.490864,20.90229
25,NoPain,train,47.549355,13.248152
25,NoPain,train,61.59594,-8.715855
25,NoPain,train,44.536247,18.814949
25,NoPain,train,14.434315,11.160321
25,NoPain,train,61.519653,-9.920101
25,NoPain,train,60.910908,-9.291441
25,NoPain,train,62.057014,-9.595347
25,NoPain,train,61.517918,-9.642183
25,NoPain,train,48.60658,10.470832
25,NoPain,train,-7.4487495,7.6816106
25,PainHand,train,61.447037,-8.732765
25,PainHand,train,62.05404,-9.594252
25,PainArm,train,61.74193,-9.099585
25,PainArm,train,22.420881,22.680096
25,PainHand,train,14.1460085,0.15438049
25,PainHand,train,61.182278,-8.896986
25,PainArm,train,16.613234,15.822921
25,PainHand,train,28.799885,25.036158
25,PainHand,train,30.228277,25.43876
25,PainHand,train,44.926083,18.027475
25,PainArm,train,61.2648,-9.024906
25,PainHand,train,61.86001,-9.700096
25,PainHand,train,-9.9207115,-10.539942
25,PainArm,train,13.791659,6.4404855
25,PainHand,train,60.966805,-9.496343
25,PainArm,train,38.93076,24.037638
25,PainArm,train,61.204308,-10.009053
25,PainArm,train,17.785486,17.449196
25,PainArm,train,11.143393,-25.955284
25,PainArm,train,61.159172,-9.971374
25,PainArm,train,60.866898,-9.350704
25,PainHand,train,30.871103,25.402603
25,PainHand,train,60.717625,-9.737794
25,PainArm,train,48.666065,9.663321
27,NoPain,train,50.068394,4.682721
27,NoPain,train,57.933517,-12.799762
27,NoPain,train,57.70864,-12.388244
27,NoPain,train,49.22789,7.68588
27,NoPain,train,47.6797,12.526105
27,NoPain,train,37.32177,24.654581
27,NoPain,train,49.307327,7.1099677
27,NoPain,train,13.871768,7.195234
27,NoPain,train,47.1414,13.72343
27,NoPain,train,29.377365,25.024208
27,NoPain,train,29.570902,25.100897
27,NoPain,train,-7.823659,10.0244875
27,PainHand,train,56.74912,-13.365512
27,PainHand,train,44.335087,18.765156
27,PainArm,train,43.411545,19.741306
27,PainArm,train,-51.782608,-0.978029
27,PainHand,train,24.445883,23.521866
27,PainHand,train,14.363413,-10.21387
27,PainArm,train,30.117659,25.067022
27,PainArm,train,17.301317,16.305382
27,PainHand,train,47.714333,11.983461
27,PainArm,train,14.380655,-6.3443184
27,PainHand,train,49.18813,7.5776
27,PainArm,train,4.9320626,-28.060476
27,PainArm,train,13.055455,-22.016708
27,PainHand,train,11.750917,-24.331358
27,PainHand,train,22.32539,22.313198
27,PainHand,train,48.871788,-14.855177
27,PainArm,train,-46.008156,-11.666689
27,PainArm,train,-7.052809,-23.678116
27,PainHand,train,17.058485,15.9424
27,PainArm,train,15.958524,14.130662
27,PainArm,train,-29.716528,1.5361959
27,PainHand,train,14.190142,3.8301494
27,PainArm,train,-29.397902,1.7387838
27,PainHand,train,44.103188,18.440186
28,NoPain,train,47.808994,-19.126822
28,NoPain,train,49.601074,-17.983843
28,NoPain,train,52.49536,-16.615852
28,NoPain,train,54.00909,-15.451341
28,NoPain,train,55.279087,-14.564479
28,NoPain,train,53.64717,-15.602826
28,NoPain,train,59.47659,-11.1441345
28,NoPain,train,46.79139,-19.304989
28,NoPain,train,50.774826,2.9408495
28,NoPain,train,58.009014,-12.026472
28,NoPain,train,55.532097,-14.330672
28,NoPain,train,56.067932,-13.798592
28,PainArm,train,53.680416,-15.534356
28,PainArm,train,48.098633,-18.839127
28,PainHand,train,45.212772,-19.625963
28,PainHand,train,53.76105,-15.96003
28,PainArm,train,59.982407,-10.682457
28,PainArm,train,59.527668,-11.106101
28,PainArm,train,56.443867,-13.215111
28,PainArm,train,47.122387,-19.497097
28,PainHand,train,48.394592,-18.741543
28,PainArm,train,54.704426,-14.808068
28,PainArm,train,48.46603,-18.521109
28,PainHand,train,52.21665,-16.764858
28,PainHand,train,57.20415,-12.629159
28,PainHand,train,59.065056,-11.475771
28,PainArm,train,59.395344,-11.23875
28,PainHand,train,59.794617,-10.835475
28,PainHand,train,60.454353,-10.287819
28,PainHand,train,60.407074,-10.230599
28,PainHand,train,58.68752,-11.787865
28,PainHand,train,53.32087,-16.00347
28,PainArm,train,47.158676,-19.201418
28,PainArm,train,45.15998,-19.687204
28,PainHand,train,54.131763,-15.682917
28,PainArm,train,54.43218,-15.216509
29,NoPain,train,35.447037,23.955193
29,NoPain,train,47.0157,8.331174
29,NoPain,train,26.016617,23.717075
29,NoPain,train,21.681807,21.400518
29,NoPain,train,14.957675,9.024911
29,NoPain,train,-9.227025,5.812873
29,NoPain,train,-58.04354,8.737237
29,NoPain,train,-9.079094,6.760135
29,NoPain,train,-55.630543,7.0649266
29,NoPain,train,-49.980873,-5.110152
29,NoPain,train,-48.40169,-8.90277
29,NoPain,train,-52.808647,2.6834908
29,PainHand,train,-12.914808,19.404312
29,PainHand,train,-47.778717,-11.133411
29,PainArm,train,-50.94713,-1.2632312
29,PainArm,train,-54.156277,5.838156
29,PainHand,train,-61.217854,9.575045
29,PainHand,train,-26.783394,17.759499
29,PainArm,train,-48.141678,-9.936745
29,PainHand,train,-60.145027,9.802664
29,PainHand,train,-52.60229,3.067906
29,PainHand,train,-14.0230255,24.992878
29,PainArm,train,-28.020494,-0.624501
29,PainHand,train,-59.311543,9.639737
29,PainHand,train,-28.178453,3.4567807
29,PainArm,train,-56.75059,8.493551
29,PainHand,train,-27.818104,17.536177
29,PainArm,train,-57.199577,8.308792
29,PainArm,train,-46.01269,-12.584719
29,PainArm,train,-28.1877,-0.48636645
29,PainArm,train,-49.396084,-7.4956803
29,PainArm,train,-50.34905,-5.392075
29,PainArm,train,-50.162933,-6.314318
29,PainHand,train,-49.04905,-8.158709
29,PainHand,train,-50.24801,-5.831535
29,PainArm,train,-51.24924,-1.0519093
30,NoPain,train,48.973755,8.245887
30,NoPain,train,56.8614,-13.5695915
30,NoPain,train,47.81249,12.234653
30,NoPain,train,49.514286,6.7012057
30,NoPain,train,56.521088,-13.469281
30,NoPain,train,50.46461,-17.562504
30,NoPain,train,31.059238,24.909386
30,NoPain,train,46.84563,-19.655527
30,NoPain,train,46.83084,-19.16007
30,NoPain,train,21.79102,21.868414
30,NoPain,train,45.02869,-19.858793
30,NoPain,train,50.552746,-17.975174
30,PainArm,train,36.594105,24.752901
30,PainArm,train,-60.548,9.533858
30,PainHand,train,36.35872,24.337643
30,PainHand,train,46.383442,-19.628847
30,PainArm,train,-40.958153,-14.540485
30,PainArm,train,49.381893,-18.700768
30,PainHand,train,46.20363,-19.49787
30,PainHand,train,-0.061688848,-28.074593
30,PainArm,train,49.039265,-18.392426
30,PainArm,train,48.53961,-19.008389
30,PainHand,train,50.754086,2.948821
30,PainHand,train,45.293095,-19.874737
30,PainArm,train,43.66123,-19.883352
30,PainArm,train,43.67746,-19.859993
30,PainHand,train,28.831537,24.710482
30,PainArm,train,44.111153,18.357267
30,PainArm,train,42.542664,-19.701893
30,PainHand,train,42.918667,-20.002222
30,PainHand,train,24.82691,23.504627
30,PainHand,train,46.758465,-19.165579
30,PainArm,train,41.269733,21.807718
30,PainHand,train,42.788963,-18.65862
30,PainHand,train,-8.166136,0.074238695
30,PainArm,train,42.94816,-19.655663
34,NoPain,train,50.423275,3.8392732
34,NoPain,train,45.994835,16.031477
34,NoPain,train,48.52616,10.533848
34,NoPain,train,48.55204,10.449994
34,NoPain,train,60.49353,-10.5052395
34,NoPain,train,45.03766,16.28131
34,NoPain,train,15.140111,-10.904638
34,NoPain,train,44.808872,17.395329
34,NoPain,train,21.480202,22.018513
34,NoPain,train,43.95503,19.183018
34,NoPain,train,48.04676,10.783294
34,NoPain,train,57.514362,-12.95832
34,PainHand,train,-12.575591,22.940575
34,PainHand,train,19.750715,18.531845
34,PainArm,train,26.310104,23.834633
34,PainArm,train,-6.0473833,0.6723911
34,PainHand,train,-5.8320146,-18.835157
34,PainHand,train,15.059932,3.6646886
34,PainArm,train,-9.316023,13.1638565
34,PainArm,train,-7.030259,-8.838117
34,PainHand,train,-32.30987,-9.604746
34,PainArm,train,-4.4564486,-25.339634
34,PainHand,train,-8.341083,-19.729277
34,PainArm,train,14.820433,11.6384115
34,PainArm,train,11.50358,-25.09966
34,PainHand,train,-7.9395223,8.271467
34,PainHand,train,15.656443,-1.0521609
34,PainHand,train,16.215387,-11.304207
34,PainArm,train,25.653448,23.516861
34,PainArm,train,-8.171687,-9.446019
34,PainHand,train,38.05243,22.710024
34,PainArm,train,27.055904,24.349442
34,PainArm,train,-8.054425,9.108122
34,PainHand,train,41.851265,20.541943
34,PainArm,train,-4.5166364,-23.601475
34,PainHand,train,2.8876812,-26.59254
36,NoPain,train,-40.11311,-14.544279
36,NoPain,train,55.997303,-14.072479
36,NoPain,train,46.667385,14.7498455
36,NoPain,train,33.489105,25.066093
36,NoPain,train,-8.490632,-2.569999
36,NoPain,train,-24.52797,22.88509
36,NoPain,train,44.41813,18.696878
36,NoPain,train,-59.764576,9.720228
36,NoPain,train,47.254234,13.932212
36,NoPain,train,-7.684503,5.6031284
36,NoPain,train,-46.513283,-11.277664
36,NoPain,train,-7.8150597,4.754067
36,PainArm,train,-53.432026,4.41455
36,PainArm,train,-8.453723,0.62827337
36,PainHand,train,49.861313,5.323323
36,PainHand,train,14.766681,11.430388
36,PainArm,train,57.116882,-12.972374
36,PainArm,train,13.893134,3.5418806
36,PainArm,train,-26.580797,21.435411
36,PainArm,train,56.246372,-13.975664
36,PainHand,train,-21.804773,24.329073
36,PainArm,train,14.087687,-3.2924235
36,PainArm,train,14.315519,-8.78725
36,PainHand,train,50.39207,3.8682988
36,PainHand,train,-1.8152351,-27.977509
36,PainHand,train,-30.352226,-7.3602085
36,PainArm,train,-34.77785,-13.4882345
36,PainHand,train,-8.504954,-3.7486687
36,PainHand,train,-22.881092,23.913242
36,PainHand,train,46.930553,14.480755
36,PainHand,train,21.790524,22.301178
36,PainHand,train,44.826157,18.038109
36,PainArm,train,-1.6753007,-28.146843
36,PainArm,train,-30.003307,2.556047
36,PainHand,train,-48.87747,-7.798781
36,PainArm,train,-7.518177,7.327824
37,NoPain,train,14.266773,-9.299309
37,NoPain,train,12.319839,-23.6924
37,NoPain,train,10.947068,-25.75588
37,NoPain,train,14.194481,-14.040981
37,NoPain,train,14.19737,-4.4576488
37,NoPain,train,14.160262,1.6988952
37,NoPain,train,16.108892,15.005618
37,NoPain,train,14.1875515,-14.037383
37,NoPain,train,14.432368,10.790754
37,NoPain,train,14.191626,-2.3784158
37,NoPain,train,14.033951,9.410446
37,NoPain,train,14.111893,9.880574
37,PainArm,train,14.188267,-14.03784
37,PainArm,train,-0.7186599,-28.311813
37,PainHand,train,15.056825,-17.523232
37,PainHand,train,14.159926,1.6985749
37,PainArm,train,14.147389,-0.4474383
37,PainArm,train,14.135694,-13.928109
37,PainHand,train,13.584224,7.700443
37,PainHand,train,14.223029,0.33148065
37,PainArm,train,14.355917,10.283977
37,PainArm,train,14.59097,11.34309
37,PainHand,train,15.203236,13.186911
37,PainHand,train,14.086809,-3.4841647
37,PainArm,train,14.152507,-6.653609
37,PainArm,train,14.617524,10.858151
37,PainHand,train,14.239591,10.10542
37,PainArm,train,15.892371,14.645614
37,PainArm,train,14.343205,-12.085435
37,PainHand,train,21.989128,22.4349
37,PainHand,train,15.592848,14.2063055
37,PainHand,train,27.764484,24.664488
37,PainArm,train,14.484623,10.418419
37,PainHand,train,14.985881,12.533745
37,PainHand,train,18.878273,19.130234
37,PainArm,train,21.487001,21.981686
41,NoPain,train,-52.164642,1.0037374
41,NoPain,train,-53.45013,4.4529247
41,NoPain,train,-52.85906,3.2685287
41,NoPain,train,-52.68903,2.3389127
41,NoPain,train,-56.369293,7.8051395
41,NoPain,train,-54.74265,5.9849267
41,NoPain,train,-8.014453,14.47021
41,NoPain,train,18.663301,18.653616
41,NoPain,train,-50.920574,-2.8446665
41,NoPain,train,-52.01655,-0.14029393
41,NoPain,train,-26.702057,20.967424
41,NoPain,train,-29.876099,0.73475736
41,PainHand,train,-40.718796,-15.349547
41,PainHand,train,-52.357407,1.5159205
41,PainArm,train,-49.316902,-6.789175
41,PainArm,train,-49.882137,-5.5986266
41,PainHand,train,-47.322304,-10.534714
41,PainHand,train,-55.21605,6.5986238
41,PainArm,train,-58.799534,9.559
41,PainHand,train,-49.71086,-5.818871
41,PainHand,train,-54.523224,5.5314384
41,PainHand,train,-52.201035,1.0863582
41,PainArm,train,-49.657097,-5.693851
41,PainHand,train,-50.902725,-2.8991501
41,PainHand,train,14.653502,-3.592499
41,PainArm,train,-46.165783,-11.548065
41,PainHand,train,10.35587,-25.49628
41,PainArm,train,-51.8704,0.10401951
41,PainArm,train,-8.25922,-20.288282
41,PainArm,train,-70.68416,3.4143474
41,PainArm,train,-19.141708,24.797543
41,PainArm,train,14.172278,3.9152286
41,PainArm,train,-49.30455,-6.550658
41,PainHand,train,-27.698889,19.804647
41,PainHand,train,-29.48836,2.2226472
41,PainArm,train,-40.352142,-14.921953
42,NoPain,train,-58.74178,9.527899
42,NoPain,train,-67.39279,7.0365624
42,NoPain,train,-68.10655,6.4823866
42,NoPain,train,-69.14309,5.5306354
42,NoPain,train,-69.62233,5.037764
42,NoPain,train,-53.286198,3.4376762
42,NoPain,train,-51.891945,0.26807833
42,NoPain,train,-21.632269,24.419092
42,NoPain,train,-51.981388,-0.39963746
42,NoPain,train,-46.349728,-11.637946
42,NoPain,train,-63.290047,9.471663
42,NoPain,train,-42.413185,-14.263044
42,PainArm,train,-69.62188,5.038804
42,PainArm,train,-56.13228,7.599177
42,PainHand,train,-68.394165,6.2309
42,PainHand,train,-66.97814,7.331261
42,PainArm,train,-53.750862,4.151006
42,PainArm,train,-63.703053,9.267501
42,PainHand,train,-61.854782,9.506017
42,PainHand,train,-69.1322,5.5406656
42,PainArm,train,-66.62617,7.5677047
42,PainArm,train,-64.05246,9.0598345
42,PainHand,train,-66.388115,7.720249
42,PainHand,train,-49.621902,-6.7069254
42,PainArm,train,-28.863585,1.4409722
42,PainArm,train,-45.572567,-12.276799
42,PainHand,train,-46.969124,-10.748044
42,PainArm,train,-46.48702,-11.619208
42,PainArm,train,-42.06167,-14.595891
42,PainHand,train,-47.75583,-9.711369
42,PainHand,train,-53.765488,4.1829453
42,PainHand,train,-40.793747,-14.53058
42,PainArm,train,-48.400448,-8.811661
42,PainHand,train,-45.94578,-11.773975
42,PainHand,train,-30.17895,-5.882697
42,PainArm,train,-63.098778,9.485253
43,NoPain,train,19.54742,12.241947
43,NoPain,train,19.382868,12.040551
43,NoPain,train,22.710423,18.864664
43,NoPain,train,31.354498,21.467604
43,NoPain,train,32.555454,22.133923
43,NoPain,train,22.862768,18.512877
43,NoPain,train,39.590504,16.752924
43,NoPain,train,39.001637,-8.069504
43,NoPain,train,43.439503,7.9053254
43,NoPain,train,19.342655,12.125197
43,NoPain,train,-9.699734,6.624609
43,NoPain,train,18.339764,4.758968
43,PainHand,train,19.205313,6.155408
43,PainHand,train,41.595264,14.088601
43,PainArm,train,18.292597,-6.617808
43,PainArm,train,33.030525,19.70838
43,PainHand,train,18.622444,-8.031561
43,PainHand,train,18.320812,4.8491077
43,PainArm,train,-12.479649,19.083887
43,PainArm,train,-10.234519,11.761479
43,PainHand,train,31.835218,20.126318
43,PainArm,train,6.477579,-23.514376
43,PainHand,train,18.736526,5.7700047
43,PainArm,train,38.393253,17.084187
43,PainArm,train,-1.6763453,-23.373112
43,PainHand,train,39.061398,-7.9662714
43,PainHand,train,18.737385,5.5559173
43,PainHand,train,-10.204414,11.843175
43,PainArm,train,23.154358,18.613482
43,PainArm,train,-46.67764,-12.347924
43,PainHand,train,20.163933,12.1136465
43,PainArm,train,19.923697,12.2250805
43,PainArm,train,-1.3441086,-23.417225
43,PainHand,train,39.10162,-7.8633842
43,PainArm,train,19.15616,-5.2502904
43,PainHand,train,-18.973013,26.581656
44,NoPain,train,38.074326,24.478193
44,NoPain,train,48.508816,10.222011
44,NoPain,train,58.818127,-12.030614
44,NoPain,train,48.040222,11.834498
44,NoPain,train,49.219505,7.8132424
44,NoPain,train,10.994207,-25.523354
44,NoPain,train,-8.945908,-7.050788
44,NoPain,train,14.32742,0.31313488
44,NoPain,train,-3.954087,-26.655703
44,NoPain,train,-8.147718,15.853272
44,NoPain,train,-1.5003285,-28.087847
44,NoPain,train,11.817045,-24.515265
44,PainArm,train,49.585938,6.738841
44,PainArm,train,33.033356,25.13009
44,PainHand,train,14.48038,-11.637777
44,PainHand,train,13.899221,7.687887
44,PainArm,train,14.313438,0.87538105
44,PainArm,train,-6.948384,-24.112879
44,PainArm,train,8.995009,-26.903996
44,PainArm,train,-7.7026443,7.86709
44,PainHand,train,-7.9321074,-21.607481
44,PainArm,train,14.323,-5.3617625
44,PainArm,train,-9.607838,-10.08592
44,PainHand,train,-2.7842145,-27.32788
44,PainHand,train,-8.504213,-3.8889887
44,PainHand,train,-5.595833,-25.438215
44,PainArm,train,-9.037042,-7.821099
44,PainHand,train,-8.491191,-4.3599567
44,PainHand,train,-6.2841673,-24.599262
44,PainHand,train,-8.885646,-17.80767
44,PainArm,train,-8.107666,-20.98749
44,PainHand,train,-10.565312,20.852589
44,PainArm,train,-7.6702175,7.5066853
44,PainArm,train,-8.599749,-4.634897
44,PainHand,train,-8.764255,17.599314
44,PainHand,train,-9.657475,-12.2050495
45,NoPain,train,38.571255,16.857956
45,NoPain,train,41.326912,14.36159
45,NoPain,train,30.995173,20.266602
45,NoPain,train,32.680386,20.159859
45,NoPain,train,30.661915,20.388018
45,NoPain,train,43.747543,8.76533
45,NoPain,train,24.194101,19.707994
45,NoPain,train,24.266731,20.09113
45,NoPain,train,30.227324,20.842314
45,NoPain,train,31.333979,20.535349
45,NoPain,train,39.038742,-8.008996
45,NoPain,train,24.623629,19.938654
45,PainHand,train,24.011646,18.884163
45,PainHand,train,25.146376,19.75419
45,PainArm,train,22.924646,18.509573
45,PainArm,train,30.899605,19.417088
45,PainHand,train,37.710896,17.249292
45,PainHand,train,38.650932,16.92221
45,PainArm,train,33.24409,20.18469
45,PainHand,train,39.12555,16.419353
45,PainHand,train,18.724854,-6.792594
45,PainHand,train,30.157187,20.443066
45,PainArm,train,39.06412,17.056238
45,PainHand,train,20.307287,12.480766
45,PainHand,train,39.05225,16.735008
45,PainArm,train,31.339819,19.319403
45,PainHand,train,40.012985,15.77401
45,PainArm,train,42.690453,14.451497
45,PainArm,train,41.210743,14.468804
45,PainArm,train,31.280415,20.758017
45,PainArm,train,39.160397,15.375587
45,PainArm,train,32.903397,19.952675
45,PainArm,train,43.267498,7.5125813
45,PainHand,train,41.1989,14.344181
45,PainHand,train,39.07212,16.859241
45,PainArm,train,33.243706,19.689808
46,NoPain,train,-30.151876,0.62590814
46,NoPain,train,-29.977299,3.5042334
46,NoPain,train,-30.179214,1.2248454
46,NoPain,train,-29.979269,-5.4414854
46,NoPain,train,-30.014288,-5.8736
46,NoPain,train,-35.01634,-13.606086
46,NoPain,train,-9.68651,-13.387377
46,NoPain,train,-8.721769,-5.0456247
46,NoPain,train,-11.501314,22.08723
46,NoPain,train,-9.044679,-7.249234
46,NoPain,train,-9.643328,-9.811006
46,NoPain,train,12.634694,-23.00611
46,PainArm,train,-33.298306,-12.427879
46,PainArm,train,-30.173393,-6.457883
46,PainHand,train,-29.863733,4.206623
46,PainHand,train,-41.816437,-14.290338
46,PainArm,train,-30.636822,-8.480232
46,PainArm,train,-31.76028,-10.437331
46,PainHand,train,-29.929874,3.551337
46,PainHand,train,-27.165375,20.724024
46,PainArm,train,-27.307585,20.589277
46,PainArm,train,-7.675594,8.84937
46,PainHand,train,-9.716259,-11.720243
46,PainHand,train,-8.796615,-18.659246
46,PainArm,train,11.722182,-24.774374
46,PainArm,train,12.165873,-23.83324
46,PainHand,train,-6.96175,-24.357183
46,PainArm,train,-9.5858555,-13.826976
46,PainArm,train,-6.2108355,-25.318998
46,PainHand,train,-8.736069,-0.9186912
46,PainHand,train,-9.654294,-10.393845
46,PainHand,train,-29.882462,2.7522624
46,PainArm,train,-48.67795,-8.234532
46,PainHand,train,26.23964,24.296413
46,PainHand,train,15.462779,13.373581
46,PainArm,train,29.843613,25.208967
47,NoPain,train,14.39622,-2.6465385
47,NoPain,train,46.837456,13.843667
47,NoPain,train,22.974134,22.658825
47,NoPain,train,38.03855,23.998413
47,NoPain,train,43.470177,19.515705
47,NoPain,train,20.398075,20.121641
47,NoPain,train,-4.653163,-24.063786
47,NoPain,train,14.856426,-9.941301
47,NoPain,train,31.717745,24.24674
47,NoPain,train,41.382885,21.294876
47,NoPain,train,-8.994972,-10.852889
47,NoPain,train,19.218817,18.670116
47,PainArm,train,-8.676965,-5.8433776
47,PainArm,train,26.98245,24.058361
47,PainHand,train,37.37062,23.127052
47,PainHand,train,14.740377,-15.089794
47,PainArm,train,-5.4818635,-24.274008
47,PainArm,train,-4.8227654,-23.376461
47,PainArm,train,17.193256,13.657606
47,PainArm,train,-14.148447,23.987946
47,PainHand,train,7.0981045,-26.7927
47,PainArm,train,-10.526059,20.077724
47,PainArm,train,-53.87567,4.8106637
47,PainHand,train,15.611276,-9.577544
47,PainHand,train,30.952913,24.509743
47,PainHand,train,-8.153885,6.665682
47,PainArm,train,-8.983199,14.802233
47,PainHand,train,-32.424385,-8.546245
47,PainHand,train,-52.505684,1.9350631
47,PainHand,train,7.592433,-25.554583
47,PainHand,train,-14.159614,24.51078
47,PainHand,train,-28.598318,3.7798553
47,PainArm,train,-8.5046625,5.894748
47,PainArm,train,-7.9030995,-18.871542
47,PainHand,train,-8.214331,-17.677734
47,PainArm,train,-20.459639,24.99703
48,NoPain,train,14.999413,2.8716784
48,NoPain,train,14.448168,-16.794086
48,NoPain,train,14.847573,1.8767434
48,NoPain,train,14.727693,-6.4017644
48,NoPain,train,14.567645,-4.5585837
48,NoPain,train,14.623625,-4.9514065
48,NoPain,train,14.58843,-2.9838805
48,NoPain,train,14.691086,0.46568486
48,NoPain,train,19.79809,19.566694
48,NoPain,train,14.383539,3.3689423
48,NoPain,train,-15.782853,24.75016
48,NoPain,train,15.8818245,13.057052
48,PainHand,train,16.484472,-9.395753
48,PainHand,train,15.147014,-10.66291
48,PainArm,train,14.918532,-1.1411269
48,PainArm,train,18.782057,14.147149
48,PainHand,train,21.778107,20.756287
48,PainHand,train,14.884572,2.310562
48,PainArm,train,14.727674,2.775518
48,PainHand,train,19.293646,17.777231
48,PainHand,train,14.535365,-16.231413
48,PainHand,train,15.567539,12.099091
48,PainArm,train,18.395948,17.45531
48,PainHand,train,15.957632,12.039718
48,PainHand,train,14.514925,7.591753
48,PainArm,train,15.05967,7.3991036
48,PainHand,train,14.823082,-4.669374
48,PainArm,train,18.325373,17.482405
48,PainArm,train,15.5713,3.5860336
48,PainArm,train,14.852795,-3.0569668
48,PainArm,train,15.130036,3.863184
48,PainArm,train,5.025049,-27.607729
48,PainArm,train,14.901082,-6.2571073
48,PainHand,train,15.031472,-9.496775
48,PainHand,train,14.843321,-15.841747
48,PainArm,train,15.371743,-9.558246
49,NoPain,train,-54.93824,6.2606215
49,NoPain,train,-47.377106,-10.023373
49,NoPain,train,-29.386118,16.257263
49,NoPain,train,-29.396193,16.217419
49,NoPain,train,-30.98217,-8.854511
49,NoPain,train,-13.015,23.197865
49,NoPain,train,-18.905972,24.758425
49,NoPain,train,12.77036,-21.779646
49,NoPain,train,-14.610218,23.849936
49,NoPain,train,-6.1398077,-24.996754
49,NoPain,train,-9.144103,-9.540383
49,NoPain,train,-13.849611,23.590393
49,PainArm,train,-34.53591,-13.179134
49,PainArm,train,-29.650833,-1.8277555
49,PainHand,train,-47.066395,-10.921185
49,PainHand,train,-8.250083,7.6620007
49,PainArm,train,-33.507812,-12.068677
49,PainArm,train,-8.920254,15.793036
49,PainHand,train,-13.148608,23.284866
49,PainHand,train,-56.07963,7.5315876
49,PainArm,train,-5.1053424,-24.500761
49,PainArm,train,-8.168386,4.9062543
49,PainHand,train,-11.186318,21.46497
49,PainHand,train,-30.34266,-4.7392397
49,PainArm,train,-31.117558,-7.955325
49,PainArm,train,-25.662216,22.020046
49,PainHand,train,-36.45584,-14.029037
49,PainArm,train,-9.281282,-13.060156
49,PainArm,train,-9.383879,-13.054432
49,PainHand,train,-9.586779,18.70965
49,PainHand,train,-30.8074,-7.709418
49,PainHand,train,-7.857261,10.576888
49,PainArm,train,-2.3366623,-27.633097
49,PainHand,train,-14.984621,23.925816
49,PainHand,train,-8.247113,16.211304
49,PainArm,train,-8.227566,15.99886
52,NoPain,train,-9.905811,-10.9406595
52,NoPain,train,-8.843121,-18.881454
52,NoPain,train,-9.796096,-11.80195
52,NoPain,train,-9.61912,-10.9758
52,NoPain,train,-9.24495,-7.4445868
52,NoPain,train,38.726387,24.066416
52,NoPain,train,-1.9145389,-27.768497
52,NoPain,train,-6.2342844,-25.902998
52,NoPain,train,14.276352,-0.69902676
52,NoPain,train,-7.531048,7.108611
52,NoPain,train,-8.099719,14.79446
52,NoPain,train,-9.563031,-10.975913
52,PainArm,train,-8.53577,0.654693
52,PainArm,train,-9.414624,19.019047
52,PainHand,train,-7.89854,14.747598
52,PainHand,train,-8.943592,-5.9297967
52,PainArm,train,-7.710934,5.361754
52,PainArm,train,-7.4734087,6.3922844
52,PainHand,train,-7.687466,8.219917
52,PainHand,train,-8.356732,1.6171303
52,PainArm,train,-8.402637,15.36171
52,PainArm,train,-8.485627,-1.4764686
52,PainHand,train,-8.383535,-20.152514
52,PainHand,train,-8.11726,3.1796744
52,PainArm,train,-9.168601,16.881784
52,PainArm,train,-8.419893,-3.2360187
52,PainHand,train,-8.831299,-6.951545
52,PainArm,train,23.671875,23.14376
52,PainArm,train,-8.600684,16.994404
52,PainHand,train,14.486199,-3.942853
52,PainHand,train,48.033577,11.332696
52,PainHand,train,43.050053,20.180134
52,PainArm,train,14.938425,-17.922321
52,PainHand,train,39.370537,23.608418
52,PainHand,train,9.294988,-27.101805
52,PainArm,train,5.5764713,-28.00518
53,NoPain,train,-7.725269,9.075968
53,NoPain,train,-8.236449,15.923643
53,NoPain,train,-8.750397,17.497488
53,NoPain,train,-7.9713407,14.053699
53,NoPain,train,-7.8138657,12.880362
53,NoPain,train,-8.370858,16.841537
53,NoPain,train,-10.176024,20.51632
53,NoPain,train,-9.119833,17.199335
53,NoPain,train,-30.042713,-1.4329598
53,NoPain,train,-17.70098,24.892729
53,NoPain,train,-8.011206,15.513904
53,NoPain,train,-8.874966,16.66624
53,PainHand,train,-25.776897,21.845657
53,PainHand,train,-8.058405,12.829017
53,PainArm,train,-17.362246,25.071777
53,PainArm,train,-28.931503,0.9068142
53,PainHand,train,-27.672506,18.602596
53,PainHand,train,-25.027079,22.640465
53,PainArm,train,-29.316408,0.44671595
53,PainArm,train,-28.355013,18.202183
53,PainHand,train,-16.964884,24.835526
53,PainArm,train,-8.615505,16.758871
53,PainHand,train,-21.583641,24.484348
53,PainArm,train,-18.047237,24.845467
53,PainArm,train,-17.653086,24.71115
53,PainHand,train,-28.008308,19.565756
53,PainHand,train,-27.72751,19.456722
53,PainHand,train,-29.498621,3.1857402
53,PainArm,train,-23.67956,23.53794
53,PainArm,train,-29.404694,0.9187432
53,PainHand,train,-17.08837,24.719282
53,PainArm,train,-15.961817,24.61712
53,PainArm,train,-30.773365,-8.513122
53,PainHand,train,-28.01212,19.723793
53,PainArm,train,-33.852062,-12.769815
53,PainHand,train,-29.41625,2.525972
55,NoPain,train,15.177253,-15.105354
55,NoPain,train,19.469114,18.07234
55,NoPain,train,17.581041,14.0865345
55,NoPain,train,6.6955,-26.42469
55,NoPain,train,40.52796,21.565493
55,NoPain,train,-4.805213,-23.376066
55,NoPain,train,-26.74257,20.105558
55,NoPain,train,-10.107068,19.050762
55,NoPain,train,-8.444126,6.148168
55,NoPain,train,15.740197,-12.874694
55,NoPain,train,21.250454,20.714235
55,NoPain,train,-8.084929,-5.601473
55,PainHand,train,8.591633,-24.74981
55,PainHand,train,15.329051,-0.832163
55,PainArm,train,17.485603,14.117581
55,PainArm,train,-7.43037,-19.54495
55,PainHand,train,-8.004935,-8.779681
55,PainHand,train,-5.577589,-22.139091
55,PainArm,train,15.785631,-7.1648602
55,PainHand,train,15.856176,-11.970709
55,PainHand,train,24.351381,22.212536
55,PainHand,train,17.9303,14.504062
55,PainArm,train,19.785742,18.45247
55,PainHand,train,-7.7550306,0.041474864
55,PainHand,train,-7.8001113,-1.2070973
55,PainArm,train,14.419407,-15.879467
55,PainHand,train,19.008608,17.32732
55,PainArm,train,15.353068,-1.3391571
55,PainArm,train,-8.4456005,12.818192
55,PainArm,train,14.172005,-16.491398
55,PainArm,train,-7.8475995,-0.7562255
55,PainArm,train,-17.249208,25.36589
55,PainArm,train,8.492859,-25.329689
55,PainHand,train,-8.460991,7.0524445
55,PainHand,train,15.128643,7.348574
55,PainArm,train,-10.489572,19.747871
56,NoPain,train,16.118717,13.598212
56,NoPain,train,31.905987,24.866993
56,NoPain,train,43.25671,-20.112185
56,NoPain,train,-12.436957,22.745031
56,NoPain,train,43.21376,-20.041704
56,NoPain,train,25.0227,23.500237
56,NoPain,train,-16.859863,25.063019
56,NoPain,train,32.7424,24.555323
56,NoPain,train,19.080542,18.598251
56,NoPain,train,14.601048,7.8402247
56,NoPain,train,10.830834,-24.133698
56,NoPain,train,40.725025,22.001194
56,PainArm,train,43.587185,-20.10475
56,PainArm,train,41.283863,21.392502
56,PainHand,train,46.425404,13.287527
56,PainHand,train,42.47806,-19.70081
56,PainArm,train,-24.492939,23.177862
56,PainArm,train,36.503296,23.954634
56,PainHand,train,14.71481,8.609931
56,PainHand,train,9.527688,-25.335669
56,PainArm,train,45.135273,16.328302
56,PainArm,train,14.711154,7.7548947
56,PainHand,train,42.57615,-19.7684
56,PainHand,train,-1.0090262,-27.23458
56,PainArm,train,11.983364,-22.601238
56,PainArm,train,-4.4086814,-24.631977
56,PainHand,train,-9.46156,18.03053
56,PainArm,train,36.905704,23.74278
56,PainArm,train,14.821452,-7.0168915
56,PainHand,train,-21.02395,24.7455
56,PainHand,train,-52.92456,2.4929976
56,PainHand,train,-45.39894,-12.413294
56,PainArm,train,43.369816,-19.703127
56,PainHand,train,-8.36585,-19.271622
56,PainHand,train,-40.83409,-14.904751
56,PainArm,train,-8.092241,-1.2756339
57,NoPain,train,58.17248,-12.519637
57,NoPain,train,57.364296,-13.465128
57,NoPain,train,58.29329,-12.704851
57,NoPain,train,57.92645,-13.037001
57,NoPain,train,57.76491,-13.114947
57,NoPain,train,43.015305,20.070667
57,NoPain,train,45.600124,16.453293
57,NoPain,train,49.228825,6.8590426
57,NoPain,train,52.003994,-17.380518
57,NoPain,train,48.860268,-14.85807
57,NoPain,train,22.617476,22.473745
57,NoPain,train,45.44035,16.74869
57,PainHand,train,40.168503,23.015388
57,PainHand,train,48.042595,10.1522
57,PainArm,train,48.041008,10.150801
57,PainArm,train,45.850525,-19.929123
57,PainHand,train,-64.41578,8.831297
57,PainHand,train,-28.307404,18.716692
57,PainArm,train,-24.939148,22.693209
57,PainArm,train,44.41612,-19.952702
57,PainHand,train,50.015484,4.333924
57,PainArm,train,46.361954,14.601662
57,PainHand,train,47.006344,13.453404
57,PainArm,train,43.696754,19.338549
57,PainArm,train,49.240997,-19.07967
57,PainHand,train,25.638166,23.926641
57,PainHand,train,-43.071384,-13.916655
57,PainHand,train,14.456689,-1.1204121
57,PainArm,train,21.953949,21.858
57,PainArm,train,-7.95452,11.855376
57,PainHand,train,19.110826,19.093847
57,PainArm,train,14.035724,7.959331
57,PainArm,train,14.088838,8.490175
57,PainHand,train,50.529675,3.4645853
57,PainArm,train,37.322075,24.388575
57,PainHand,train,37.334057,24.170242
58,NoPain,train,-30.410362,-4.268567
58,NoPain,train,-31.63203,-8.610639
58,NoPain,train,-34.079834,-12.412796
58,NoPain,train,-30.60634,-5.254305
58,NoPain,train,-29.405128,-0.18598294
58,NoPain,train,-29.932066,-2.739767
58,NoPain,train,-33.931026,-11.267166
58,NoPain,train,-35.93074,-13.324562
58,NoPain,train,-26.117804,20.917532
58,NoPain,train,-28.533043,3.30378
58,NoPain,train,-27.054836,19.497366
58,NoPain,train,-29.123219,3.613867
58,PainArm,train,-39.84179,-15.076691
58,PainArm,train,-35.39461,-11.924119
58,PainHand,train,-35.2607,-12.117934
58,PainHand,train,-28.188084,-0.52947694
58,PainArm,train,-36.22436,-13.659436
58,PainArm,train,-28.24055,-0.38118887
58,PainArm,train,-32.50793,-7.7105346
58,PainArm,train,-31.843336,-8.21106
58,PainHand,train,-39.27235,-14.884426
58,PainArm,train,-41.396988,-15.246557
58,PainArm,train,-32.198494,-5.8449397
58,PainHand,train,-32.74894,-8.947878
58,PainHand,train,-31.512547,-5.4183927
58,PainHand,train,-39.864967,-15.285818
58,PainArm,train,-37.103027,-13.953401
58,PainHand,train,-32.740517,-8.565109
58,PainHand,train,-36.397694,-13.432238
58,PainHand,train,-41.99886,-15.271461
58,PainHand,train,-33.467537,-10.672157
58,PainHand,train,-33.047207,-10.104208
58,PainArm,train,-32.154274,-7.7781777
58,PainArm,train,-40.87829,-15.3512945
58,PainHand,train,-35.760967,-13.390372
58,PainArm,train,-41.589043,-15.017395
59,NoPain,train,50.778667,-17.799143
59,NoPain,train,49.755524,-18.344963
59,NoPain,train,50.283592,-18.059595
59,NoPain,train,51.44247,-17.514727
59,NoPain,train,51.575478,-17.142622
59,NoPain,train,48.821392,-18.824821
59,NoPain,train,54.703182,-14.818125
59,NoPain,train,51.495155,-17.061716
59,NoPain,train,53.09291,-16.239172
59,NoPain,train,54.769367,-15.145431
59,NoPain,train,55.223217,-14.683815
59,NoPain,train,51.33893,-17.544907
59,PainHand,train,14.669306,-11.46689
59,PainHand,train,51.12603,-17.40339
59,PainArm,train,50.9687,-17.822271
59,PainArm,train,-16.323483,24.9286
59,PainHand,train,44.28372,-19.906641
59,PainHand,train,48.962353,-18.332937
59,PainArm,train,53.749035,-15.942758
59,PainHand,train,50.1546,4.3360004
59,PainHand,train,45.723846,-19.59916
59,PainHand,train,49.424767,-18.157719
59,PainArm,train,53.07378,-16.22149
59,PainHand,train,55.053802,-15.045913
59,PainHand,train,56.59002,-13.874105
59,PainArm,train,-8.650023,-0.9769074
59,PainHand,train,48.463985,-19.23187
59,PainArm,train,49.810158,-18.48681
59,PainArm,train,-8.518626,-6.158076
59,PainArm,train,-54.711277,5.933597
59,PainArm,train,-20.255924,24.792267
59,PainArm,train,47.68223,11.508695
59,PainArm,train,-14.720005,24.180033
59,PainHand,train,-56.606476,8.050454
59,PainHand,train,-7.8965154,12.219994
59,PainArm,train,-53.236313,3.0620239
60,NoPain,train,-41.379898,-14.373524
60,NoPain,train,-35.754944,-13.994025
60,NoPain,train,-40.52501,-14.406418
60,NoPain,train,-33.615395,-12.6872425
60,NoPain,train,-29.198757,17.102938
60,NoPain,train,-30.178988,-5.7718225
60,NoPain,train,-29.33219,16.621143
60,NoPain,train,3.2740843,-28.432123
60,NoPain,train,-29.236801,16.82092
60,NoPain,train,-2.128462,-27.942211
60,NoPain,train,12.021196,-24.416117
60,NoPain,train,14.115217,1.7551076
60,PainArm,train,-30.011744,0.78406364
60,PainArm,train,-27.553825,20.163858
60,PainHand,train,-19.392445,24.771883
60,PainHand,train,-29.049156,17.4513
60,PainArm,train,-30.57018,-8.002361
60,PainArm,train,-29.977482,1.5017369
60,PainHand,train,-28.781607,18.402836
60,PainHand,train,-30.057009,1.6434157
60,PainArm,train,-29.862087,3.6901853
60,PainArm,train,-21.522896,24.474926
60,PainHand,train,-30.07316,-5.8559194
60,PainHand,train,-18.646593,24.808992
60,PainArm,train,-24.211813,23.09361
60,PainArm,train,-26.356617,21.614744
60,PainHand,train,13.739597,6.9309735
60,PainArm,train,14.986961,-17.613483
60,PainArm,train,14.793305,-18.593948
60,PainHand,train,14.242118,-9.540081
60,PainHand,train,14.190373,-2.0844066
60,PainHand,train,14.292348,-11.339631
60,PainArm,train,-7.8580823,-22.12211
60,PainHand,train,10.859204,-26.450098
60,PainHand,train,9.884653,-26.954683
60,PainArm,train,14.007949,2.6797001
63,NoPain,train,-24.209543,23.463684
63,NoPain,train,-39.44891,-14.922292
63,NoPain,train,-31.087696,-5.553892
63,NoPain,train,-25.315222,22.353823
63,NoPain,train,-22.42704,24.441214
63,NoPain,train,-48.82413,-8.188316
63,NoPain,train,-14.331317,24.64122
63,NoPain,train,20.094662,18.383171
63,NoPain,train,-22.470047,24.53869
63,NoPain,train,-52.566578,2.478723
63,NoPain,train,-17.421133,25.615843
63,NoPain,train,16.244,-10.558074
63,PainHand,train,-51.16639,-0.45878494
63,PainHand,train,-27.960018,17.282175
63,PainArm,train,-7.34385,-13.619714
63,PainArm,train,-47.707077,-10.787055
63,PainHand,train,-20.021269,25.997543
63,PainHand,train,-32.394936,-9.072776
63,PainArm,train,-7.563147,-13.355404
63,PainHand,train,-32.18402,-5.565648
63,PainHand,train,3.973487,-26.102642
63,PainHand,train,17.98934,13.580358
63,PainArm,train,-8.922532,7.9056835
63,PainHand,train,-14.645385,25.149181
63,PainHand,train,15.679408,4.7460613
63,PainArm,train,-51.0148,-2.3641782
63,PainHand,train,-47.83517,-10.152922
63,PainArm,train,-49.776077,-6.7243514
63,PainArm,train,-50.3577,-4.981237
63,PainArm,train,-28.118774,-0.85502636
63,PainArm,train,-50.144917,-6.1186447
63,PainArm,train,-8.983341,13.244083
63,PainArm,train,-34.281353,-11.387582
63,PainHand,train,-51.244007,-1.517828
63,PainHand,train,-37.53434,-14.223206
63,PainArm,train,-50.362328,-5.0548778
