model,preprocessing,label_scheme,subject_held_out,n_val,accuracy,balanced_accuracy,macro_f1,f1_NoPain,f1_PainArm,f1_PainHand,f1_Pain
logreg,global,3class,1,36,0.4722222222222222,0.47222222222222215,0.482276071410197,0.631578947368421,0.36363636363636365,0.45161290322580644,
logreg,global,3class,2,36,0.3333333333333333,0.3333333333333333,0.16666666666666666,0.0,0.0,0.5,
logreg,global,3class,4,36,0.4444444444444444,0.4444444444444444,0.3751803751803752,0.6285714285714286,0.36363636363636365,0.13333333333333333,
logreg,global,3class,5,36,0.4166666666666667,0.4166666666666667,0.4308161708619374,0.631578947368421,0.2608695652173913,0.4,
logreg,global,3class,6,36,0.5,0.5,0.5185185185185185,0.6666666666666666,0.37037037037037035,0.5185185185185185,
logreg,global,3class,8,36,0.3888888888888889,0.38888888888888884,0.4047619047619048,0.7272727272727273,0.21428571428571427,0.2727272727272727,
logreg,global,3class,11,36,0.5555555555555556,0.5555555555555555,0.5208728652751423,0.7096774193548387,0.35294117647058826,0.5,
logreg,global,3class,12,36,0.5833333333333334,0.5833333333333334,0.5646803791086913,0.6896551724137931,0.5833333333333334,0.42105263157894735,
logreg,global,3class,13,36,0.4722222222222222,0.47222222222222215,0.40370370370370373,0.6,0.0,0.6111111111111112,
logreg,global,3class,15,36,0.4444444444444444,0.4444444444444445,0.3541666666666667,0.5625,0.0,0.5,
logreg,global,3class,16,36,0.4444444444444444,0.4444444444444444,0.43756449948400417,0.5263157894736842,0.47058823529411764,0.3157894736842105,
logreg,global,3class,18,36,0.4166666666666667,0.4166666666666667,0.3853021978021978,0.5625,0.3076923076923077,0.2857142857142857,
logreg,global,3class,21,36,0.3888888888888889,0.3888888888888889,0.3292282430213465,0.6428571428571429,0.3448275862068966,0.0,
logreg,global,3class,22,36,0.3888888888888889,0.38888888888888884,0.3923350041771094,0.42105263157894735,0.38095238095238093,0.375,
logreg,global,3class,24,36,0.4444444444444444,0.4444444444444444,0.3547008547008547,0.5641025641025641,0.0,0.5,
logreg,global,3class,25,36,0.3611111111111111,0.3611111111111111,0.22149481723949807,0.5106382978723404,0.15384615384615385,0.0,
logreg,global,3class,27,36,0.3611111111111111,0.3611111111111111,0.305019305019305,0.2857142857142857,0.14285714285714285,0.4864864864864865,
logreg,global,3class,28,36,0.4444444444444444,0.4444444444444444,0.42979242979242976,0.5714285714285714,0.3333333333333333,0.38461538461538464,
logreg,global,3class,29,36,0.5,0.5000000000000001,0.5025618503879373,0.6086956521739131,0.4444444444444444,0.45454545454545453,
logreg,global,3class,30,36,0.4722222222222222,0.47222222222222227,0.4448099415204678,0.5625,0.10526315789473684,0.6666666666666666,
logreg,global,3class,34,36,0.5555555555555556,0.5555555555555555,0.5072681704260652,0.8,0.14285714285714285,0.5789473684210527,
logreg,global,3class,36,36,0.3611111111111111,0.3611111111111111,0.25616921269095183,0.5945945945945946,0.0,0.17391304347826086,
logreg,global,3class,37,36,0.3888888888888889,0.3888888888888889,0.35220430107526884,0.48,0.45161290322580644,0.125,
logreg,global,3class,41,36,0.5,0.5000000000000001,0.4619047619047619,0.5,0.6,0.2857142857142857,
logreg,global,3class,42,36,0.5555555555555556,0.5555555555555556,0.5168513782324524,0.6956521739130435,0.5882352941176471,0.26666666666666666,
logreg,global,3class,43,36,0.5277777777777778,0.5277777777777778,0.5222854433380749,0.5,0.5405405405405406,0.5263157894736842,
logreg,global,3class,44,36,0.6388888888888888,0.6388888888888888,0.6098891730605286,0.782608695652174,0.6470588235294118,0.4,
logreg,global,3class,45,36,0.5833333333333334,0.5833333333333334,0.5140667761357416,0.8571428571428571,0.13333333333333333,0.5517241379310345,
logreg,global,3class,46,36,0.2777777777777778,0.2777777777777778,0.14814814814814814,0.4444444444444444,0.0,0.0,
logreg,global,3class,47,36,0.3611111111111111,0.3611111111111111,0.3077526395173454,0.5294117647058824,0.24,0.15384615384615385,
logreg,global,3class,48,36,0.5,0.5,0.5050167224080268,0.782608695652174,0.38461538461538464,0.34782608695652173,
logreg,global,3class,49,36,0.5277777777777778,0.5277777777777778,0.46172839506172836,0.7333333333333333,0.13333333333333333,0.5185185185185185,
logreg,global,3class,52,36,0.6388888888888888,0.638888888888889,0.6227815916603102,0.7333333333333333,0.6086956521739131,0.5263157894736842,
logreg,global,3class,53,36,0.5555555555555556,0.5555555555555555,0.5284251684930802,0.7096774193548387,0.45454545454545453,0.42105263157894735,
logreg,global,3class,55,36,0.3888888888888889,0.38888888888888884,0.3115079365079365,0.5238095238095238,0.2857142857142857,0.125,
logreg,global,3class,56,36,0.3611111111111111,0.36111111111111116,0.32222222222222224,0.14285714285714285,0.4666666666666667,0.35714285714285715,
logreg,global,3class,57,36,0.3333333333333333,0.3333333333333333,0.1702127659574468,0.0,0.0,0.5106382978723404,
logreg,global,3class,58,36,0.4722222222222222,0.47222222222222215,0.4828282828282829,0.8,0.18181818181818182,0.4666666666666667,
logreg,global,3class,59,36,0.6111111111111112,0.6111111111111112,0.6157575757575758,0.7272727272727273,0.56,0.56,
logreg,global,3class,60,36,0.3888888888888889,0.38888888888888884,0.36943666355431065,0.23529411764705882,0.4444444444444444,0.42857142857142855,
logreg,global,3class,63,36,0.5277777777777778,0.5277777777777778,0.488252086078173,0.6086956521739131,0.6060606060606061,0.25,
rf,global,3class,1,36,0.5277777777777778,0.5277777777777778,0.4407359863072315,0.7368421052631579,0.5853658536585366,0.0,
rf,global,3class,2,36,0.4722222222222222,0.47222222222222215,0.42857142857142855,0.6666666666666666,0.2857142857142857,0.3333333333333333,
rf,global,3class,4,36,0.5277777777777778,0.5277777777777778,0.5484711779448621,0.7368421052631579,0.42857142857142855,0.48,
rf,global,3class,5,36,0.6111111111111112,0.6111111111111112,0.5475226527858107,0.8571428571428571,0.15384615384615385,0.631578947368421,
rf,global,3class,6,36,0.5,0.5,0.49446552814674255,0.5882352941176471,0.25,0.6451612903225806,
rf,global,3class,8,36,0.5555555555555556,0.5555555555555555,0.4894179894179895,0.8571428571428571,0.0,0.6111111111111112,
rf,global,3class,11,36,0.4722222222222222,0.47222222222222215,0.42825193737972644,0.6153846153846154,0.5517241379310345,0.11764705882352941,
rf,global,3class,12,36,0.3611111111111111,0.3611111111111111,0.22149481723949807,0.5106382978723404,0.15384615384615385,0.0,
rf,global,3class,13,36,0.6388888888888888,0.6388888888888888,0.5902777777777778,0.8333333333333334,0.25,0.6875,
rf,global,3class,15,36,0.4722222222222222,0.47222222222222215,0.3695324283559578,0.6470588235294118,0.46153846153846156,0.0,
rf,global,3class,16,36,0.5555555555555556,0.5555555555555556,0.5359477124183006,0.6666666666666666,0.35294117647058826,0.5882352941176471,
rf,global,3class,18,36,0.5277777777777778,0.5277777777777778,0.4836744639376218,0.631578947368421,0.4444444444444444,0.375,
rf,global,3class,21,36,0.3888888888888889,0.38888888888888884,0.3058286742497269,0.5641025641025641,0.21052631578947367,0.14285714285714285,
rf,global,3class,22,36,0.5,0.5,0.4434824434824434,0.7272727272727273,0.38095238095238093,0.2222222222222222,
rf,global,3class,24,36,0.4444444444444444,0.4444444444444444,0.41798212005108554,0.5517241379310345,0.2222222222222222,0.48,
rf,global,3class,25,36,0.3333333333333333,0.3333333333333333,0.1702127659574468,0.5106382978723404,0.0,0.0,
rf,global,3class,27,36,0.5833333333333334,0.5833333333333334,0.5444444444444444,0.8,0.3333333333333333,0.5,
rf,global,3class,28,36,0.5,0.5,0.4749936143039591,0.72,0.2222222222222222,0.4827586206896552,
rf,global,3class,29,36,0.4722222222222222,0.47222222222222227,0.457172342621259,0.7368421052631579,0.5294117647058824,0.10526315789473684,
rf,global,3class,30,36,0.3333333333333333,0.3333333333333333,0.31216577540106955,0.47058823529411764,0.09090909090909091,0.375,
rf,global,3class,34,36,0.5833333333333334,0.5833333333333334,0.5904761904761905,0.7619047619047619,0.47619047619047616,0.5333333333333333,
rf,global,3class,36,36,0.5,0.5,0.43842364532019706,0.6896551724137931,0.14285714285714285,0.4827586206896552,
rf,global,3class,37,36,0.3611111111111111,0.36111111111111116,0.3014141414141414,0.48,0.42424242424242425,0.0,
rf,global,3class,41,36,0.6388888888888888,0.638888888888889,0.5805322128851541,0.7058823529411765,0.75,0.2857142857142857,
rf,global,3class,42,36,0.6111111111111112,0.6111111111111112,0.49404761904761907,0.8571428571428571,0.625,0.0,
rf,global,3class,43,36,0.5555555555555556,0.5555555555555555,0.5656938044034818,0.8,0.38095238095238093,0.5161290322580645,
rf,global,3class,44,36,0.5833333333333334,0.5833333333333334,0.5723104056437389,0.7407407407407407,0.5,0.47619047619047616,
rf,global,3class,45,36,0.4722222222222222,0.47222222222222227,0.4477782753644823,0.6896551724137931,0.2727272727272727,0.38095238095238093,
rf,global,3class,46,36,0.3055555555555556,0.3055555555555555,0.23523035230352304,0.43902439024390244,0.26666666666666666,0.0,
rf,global,3class,47,36,0.4722222222222222,0.47222222222222227,0.45119122917984394,0.6666666666666666,0.45161290322580644,0.23529411764705882,
rf,global,3class,48,36,0.4166666666666667,0.4166666666666667,0.39999999999999997,0.6923076923076923,0.3076923076923077,0.2,
rf,global,3class,49,36,0.6388888888888888,0.638888888888889,0.6162962962962962,0.8888888888888888,0.56,0.4,
rf,global,3class,52,36,0.5,0.5,0.4230769230769231,0.7692307692307693,0.5,0.0,
rf,global,3class,53,36,0.6111111111111112,0.6111111111111112,0.607031857031857,0.6923076923076923,0.5454545454545454,0.5833333333333334,
rf,global,3class,55,36,0.3333333333333333,0.3333333333333333,0.1702127659574468,0.5106382978723404,0.0,0.0,
rf,global,3class,56,36,0.3333333333333333,0.3333333333333333,0.26666666666666666,0.5333333333333333,0.26666666666666666,0.0,
rf,global,3class,57,36,0.5833333333333334,0.5833333333333334,0.5158553202031463,0.782608695652174,0.15384615384615385,0.6111111111111112,
rf,global,3class,58,36,0.6111111111111112,0.6111111111111112,0.6087045570916539,0.8,0.38095238095238093,0.6451612903225806,
rf,global,3class,59,36,0.5,0.5,0.451764705882353,0.8,0.23529411764705882,0.32,
rf,global,3class,60,36,0.5555555555555556,0.5555555555555556,0.5220430107526882,0.8,0.5161290322580645,0.25,
rf,global,3class,63,36,0.3333333333333333,0.3333333333333333,0.23014383989993747,0.15384615384615385,0.0,0.5365853658536586,
xgb,global,3class,1,36,0.5555555555555556,0.5555555555555555,0.4786967418546366,0.8571428571428571,0.5789473684210527,0.0,
xgb,global,3class,2,36,0.4444444444444444,0.4444444444444444,0.39153439153439146,0.6666666666666666,0.2857142857142857,0.2222222222222222,
xgb,global,3class,4,36,0.5,0.5,0.4981642512077295,0.6666666666666666,0.34782608695652173,0.48,
xgb,global,3class,5,36,0.5555555555555556,0.5555555555555555,0.5459293394777266,0.8571428571428571,0.2,0.5806451612903226,
xgb,global,3class,6,36,0.3611111111111111,0.36111111111111116,0.3317793317793318,0.15384615384615385,0.30303030303030304,0.5384615384615384,
xgb,global,3class,8,36,0.4166666666666667,0.4166666666666667,0.42585765488991295,0.7,0.19047619047619047,0.3870967741935484,
xgb,global,3class,11,36,0.5,0.5,0.48701298701298695,0.6428571428571429,0.5454545454545454,0.2727272727272727,
xgb,global,3class,12,36,0.3333333333333333,0.3333333333333333,0.17777777777777778,0.5333333333333333,0.0,0.0,
xgb,global,3class,13,36,0.5277777777777778,0.5277777777777778,0.49086452762923355,0.8181818181818182,0.125,0.5294117647058824,
xgb,global,3class,15,36,0.4444444444444444,0.4444444444444445,0.36091954022988504,0.6,0.4827586206896552,0.0,
xgb,global,3class,16,36,0.5833333333333334,0.5833333333333334,0.5852842809364548,0.782608695652174,0.43478260869565216,0.5384615384615384,
xgb,global,3class,18,36,0.4444444444444444,0.4444444444444444,0.33751044277360065,0.631578947368421,0.38095238095238093,0.0,
xgb,global,3class,21,36,0.4444444444444444,0.4444444444444445,0.40644132324947263,0.6451612903225806,0.36363636363636365,0.21052631578947367,
xgb,global,3class,22,36,0.4722222222222222,0.47222222222222227,0.41435406698564586,0.7272727272727273,0.3157894736842105,0.2,
xgb,global,3class,24,36,0.3888888888888889,0.3888888888888889,0.32532051282051283,0.5384615384615384,0.0,0.4375,
xgb,global,3class,25,36,0.3888888888888889,0.3888888888888889,0.26919602529358627,0.5853658536585366,0.2222222222222222,0.0,
xgb,global,3class,27,36,0.5833333333333334,0.5833333333333334,0.5904761904761905,0.7619047619047619,0.47619047619047616,0.5333333333333333,
xgb,global,3class,28,36,0.3611111111111111,0.3611111111111111,0.3284573088494657,0.5714285714285714,0.2962962962962963,0.11764705882352941,
xgb,global,3class,29,36,0.5555555555555556,0.5555555555555555,0.5656966490299823,0.7619047619047619,0.4166666666666667,0.5185185185185185,
xgb,global,3class,30,36,0.3055555555555556,0.3055555555555556,0.3008658008658009,0.35714285714285715,0.09090909090909091,0.45454545454545453,
xgb,global,3class,34,36,0.5,0.5,0.4170692431561997,0.6956521739130435,0.0,0.5555555555555556,
xgb,global,3class,36,36,0.4722222222222222,0.47222222222222215,0.37202380952380953,0.6875,0.0,0.42857142857142855,
xgb,global,3class,37,36,0.4166666666666667,0.4166666666666667,0.37254901960784315,0.6,0.4,0.11764705882352941,
xgb,global,3class,41,36,0.5555555555555556,0.5555555555555556,0.5015873015873016,0.6666666666666666,0.5714285714285714,0.26666666666666666,
xgb,global,3class,42,36,0.6111111111111112,0.611111111111111,0.5595238095238094,0.8571428571428571,0.5714285714285714,0.25,
xgb,global,3class,43,36,0.4166666666666667,0.4166666666666667,0.43607843137254904,0.5882352941176471,0.4,0.32,
xgb,global,3class,44,36,0.5833333333333334,0.5833333333333334,0.564935064935065,0.7857142857142857,0.45454545454545453,0.45454545454545453,
xgb,global,3class,45,36,0.5555555555555556,0.5555555555555555,0.4877941981390257,0.7586206896551724,0.13333333333333333,0.5714285714285714,
xgb,global,3class,46,36,0.3333333333333333,0.3333333333333333,0.21058201058201056,0.4888888888888889,0.14285714285714285,0.0,
xgb,global,3class,47,36,0.3611111111111111,0.3611111111111111,0.34447469247832224,0.5833333333333334,0.3448275862068966,0.10526315789473684,
xgb,global,3class,48,36,0.5,0.5,0.49010989010989015,0.8,0.38461538461538464,0.2857142857142857,
xgb,global,3class,49,36,0.6111111111111112,0.6111111111111112,0.6116908212560387,0.8333333333333334,0.5217391304347826,0.48,
xgb,global,3class,52,36,0.6666666666666666,0.6666666666666666,0.6563216708144245,0.8148148148148148,0.5454545454545454,0.6086956521739131,
xgb,global,3class,53,36,0.6111111111111112,0.6111111111111112,0.5788101319710516,0.7407407407407407,0.375,0.6206896551724138,
xgb,global,3class,55,36,0.4166666666666667,0.4166666666666667,0.3111111111111111,0.5333333333333333,0.0,0.4,
xgb,global,3class,56,36,0.4166666666666667,0.4166666666666667,0.4153846153846154,0.5384615384615384,0.3076923076923077,0.4,
xgb,global,3class,57,36,0.6111111111111112,0.611111111111111,0.5783068783068783,0.8571428571428571,0.26666666666666666,0.6111111111111112,
xgb,global,3class,58,36,0.5,0.5,0.5219673114409956,0.7368421052631579,0.38461538461538464,0.4444444444444444,
xgb,global,3class,59,36,0.5,0.5,0.474025974025974,0.7857142857142857,0.36363636363636365,0.2727272727272727,
xgb,global,3class,60,36,0.5,0.5000000000000001,0.48845577211394303,0.782608695652174,0.4827586206896552,0.2,
xgb,global,3class,63,36,0.3333333333333333,0.3333333333333333,0.3228021978021978,0.2857142857142857,0.3076923076923077,0.375,
logreg,subjectz,3class,1,36,0.8333333333333334,0.8333333333333334,0.8333333333333334,0.9166666666666666,0.75,0.8333333333333334,
logreg,subjectz,3class,2,36,0.5555555555555556,0.5555555555555555,0.5485225885225885,0.88,0.38461538461538464,0.38095238095238093,
logreg,subjectz,3class,4,36,0.5277777777777778,0.5277777777777778,0.5339506172839505,0.6666666666666666,0.4166666666666667,0.5185185185185185,
logreg,subjectz,3class,5,36,0.6944444444444444,0.6944444444444443,0.6925019425019424,0.9166666666666666,0.5454545454545454,0.6153846153846154,
logreg,subjectz,3class,6,36,0.6388888888888888,0.6388888888888888,0.6205128205128205,0.8461538461538461,0.4,0.6153846153846154,
logreg,subjectz,3class,8,36,0.6111111111111112,0.611111111111111,0.6104830917874395,0.9166666666666666,0.48,0.43478260869565216,
logreg,subjectz,3class,11,36,0.4722222222222222,0.47222222222222227,0.45555555555555555,0.6666666666666666,0.3,0.4,
logreg,subjectz,3class,12,36,0.6666666666666666,0.6666666666666666,0.6616908212560387,0.88,0.5833333333333334,0.5217391304347826,
logreg,subjectz,3class,13,36,0.6666666666666666,0.6666666666666666,0.648888888888889,0.88,0.4,0.6666666666666666,
logreg,subjectz,3class,15,36,0.4722222222222222,0.47222222222222215,0.4691787439613526,0.6666666666666666,0.2608695652173913,0.48,
logreg,subjectz,3class,16,36,0.6388888888888888,0.638888888888889,0.6164104095138577,0.8275862068965517,0.5454545454545454,0.47619047619047616,
logreg,subjectz,3class,18,36,0.5277777777777778,0.5277777777777778,0.5186649099692577,0.6666666666666666,0.45454545454545453,0.43478260869565216,
logreg,subjectz,3class,21,36,0.5,0.5,0.4969501781095984,0.6086956521739131,0.36363636363636365,0.5185185185185185,
logreg,subjectz,3class,22,36,0.4444444444444444,0.4444444444444444,0.4329004329004329,0.5714285714285714,0.36363636363636365,0.36363636363636365,
logreg,subjectz,3class,24,36,0.6666666666666666,0.6666666666666666,0.6622073578595318,0.7692307692307693,0.6956521739130435,0.5217391304347826,
logreg,subjectz,3class,25,36,0.4722222222222222,0.47222222222222227,0.46736596736596736,0.5,0.5384615384615384,0.36363636363636365,
logreg,subjectz,3class,27,36,0.5277777777777778,0.5277777777777778,0.5277777777777778,0.75,0.3333333333333333,0.5,
logreg,subjectz,3class,28,36,0.5833333333333334,0.5833333333333334,0.5771916971916973,0.6153846153846154,0.47619047619047616,0.64,
logreg,subjectz,3class,29,36,0.5833333333333334,0.5833333333333334,0.5911033411033412,0.8181818181818182,0.5384615384615384,0.4166666666666667,
logreg,subjectz,3class,30,36,0.5,0.5,0.4981818181818182,0.72,0.32,0.45454545454545453,
logreg,subjectz,3class,34,36,0.6944444444444444,0.6944444444444445,0.6839549339549339,0.9230769230769231,0.5454545454545454,0.5833333333333334,
logreg,subjectz,3class,36,36,0.3888888888888889,0.3888888888888889,0.3908313908313908,0.45454545454545453,0.3333333333333333,0.38461538461538464,
logreg,subjectz,3class,37,36,0.5277777777777778,0.5277777777777778,0.5307729468599034,0.6956521739130435,0.48,0.4166666666666667,
logreg,subjectz,3class,41,36,0.5555555555555556,0.5555555555555557,0.555024154589372,0.56,0.5217391304347826,0.5833333333333334,
logreg,subjectz,3class,42,36,0.75,0.75,0.7404408457040036,0.9230769230769231,0.6666666666666666,0.631578947368421,
logreg,subjectz,3class,43,36,0.6666666666666666,0.6666666666666666,0.6628709454796411,0.8695652173913043,0.6428571428571429,0.47619047619047616,
logreg,subjectz,3class,44,36,0.6666666666666666,0.6666666666666666,0.6744290192566055,0.8571428571428571,0.6206896551724138,0.5454545454545454,
logreg,subjectz,3class,45,36,0.6388888888888888,0.6388888888888888,0.6255411255411255,0.7857142857142857,0.45454545454545453,0.6363636363636364,
logreg,subjectz,3class,46,36,0.25,0.25,0.25028985507246376,0.25,0.2608695652173913,0.24,
logreg,subjectz,3class,47,36,0.6111111111111112,0.611111111111111,0.6112331039867271,0.6956521739130435,0.5925925925925926,0.5454545454545454,
logreg,subjectz,3class,48,36,0.6666666666666666,0.6666666666666666,0.6496296296296297,0.8888888888888888,0.5,0.56,
logreg,subjectz,3class,49,36,0.5833333333333334,0.5833333333333334,0.5833333333333334,0.8333333333333334,0.5,0.4166666666666667,
logreg,subjectz,3class,52,36,0.6388888888888888,0.638888888888889,0.6373348873348874,0.6923076923076923,0.6363636363636364,0.5833333333333334,
logreg,subjectz,3class,53,36,0.5555555555555556,0.5555555555555556,0.5515151515151515,0.72,0.48,0.45454545454545453,
logreg,subjectz,3class,55,36,0.4444444444444444,0.4444444444444445,0.4370629370629371,0.5384615384615384,0.2727272727272727,0.5,
logreg,subjectz,3class,56,36,0.3888888888888889,0.3888888888888889,0.3922314936807691,0.5454545454545454,0.2608695652173913,0.37037037037037035,
logreg,subjectz,3class,57,36,0.6111111111111112,0.6111111111111112,0.6157575757575758,0.7272727272727273,0.56,0.56,
logreg,subjectz,3class,58,36,0.6388888888888888,0.638888888888889,0.636231884057971,0.8,0.5,0.6086956521739131,
logreg,subjectz,3class,59,36,0.75,0.75,0.7466977466977468,0.8461538461538461,0.6666666666666666,0.7272727272727273,
logreg,subjectz,3class,60,36,0.5833333333333334,0.5833333333333334,0.5833333333333334,0.6666666666666666,0.5,0.5833333333333334,
logreg,subjectz,3class,63,36,0.5555555555555556,0.5555555555555556,0.5528360528360529,0.8333333333333334,0.36363636363636365,0.46153846153846156,
rf,subjectz,3class,1,36,0.6666666666666666,0.6666666666666666,0.6496296296296297,0.8888888888888888,0.56,0.5,
rf,subjectz,3class,2,36,0.6388888888888888,0.638888888888889,0.6164104095138577,0.8275862068965517,0.47619047619047616,0.5454545454545454,
rf,subjectz,3class,4,36,0.6666666666666666,0.6666666666666666,0.6785347985347986,0.8571428571428571,0.5384615384615384,0.64,
rf,subjectz,3class,5,36,0.8055555555555556,0.8055555555555555,0.8065192992729225,0.9090909090909091,0.6956521739130435,0.8148148148148148,
rf,subjectz,3class,6,36,0.5833333333333334,0.5833333333333334,0.5699300699300699,0.8461538461538461,0.36363636363636365,0.5,
rf,subjectz,3class,8,36,0.6388888888888888,0.6388888888888888,0.6315506715506715,0.88,0.47619047619047616,0.5384615384615384,
rf,subjectz,3class,11,36,0.4722222222222222,0.47222222222222227,0.4593406593406593,0.6923076923076923,0.4,0.2857142857142857,
rf,subjectz,3class,12,36,0.5277777777777778,0.5277777777777778,0.5165112665112664,0.7692307692307693,0.4166666666666667,0.36363636363636365,
rf,subjectz,3class,13,36,0.5833333333333334,0.5833333333333334,0.5637534767969551,0.8888888888888888,0.34782608695652173,0.45454545454545453,
rf,subjectz,3class,15,36,0.3888888888888889,0.3888888888888889,0.39878787878787875,0.6363636363636364,0.24,0.32,
rf,subjectz,3class,16,36,0.6111111111111112,0.611111111111111,0.6007814407814408,0.8461538461538461,0.48,0.47619047619047616,
rf,subjectz,3class,18,36,0.5277777777777778,0.5277777777777778,0.5098215624531414,0.7692307692307693,0.3157894736842105,0.4444444444444444,
rf,subjectz,3class,21,36,0.4166666666666667,0.4166666666666667,0.41558441558441556,0.6363636363636364,0.18181818181818182,0.42857142857142855,
rf,subjectz,3class,22,36,0.4722222222222222,0.47222222222222215,0.4572118702553485,0.6428571428571429,0.38095238095238093,0.34782608695652173,
rf,subjectz,3class,24,36,0.5555555555555556,0.5555555555555555,0.523620645817442,0.7333333333333333,0.5217391304347826,0.3157894736842105,
rf,subjectz,3class,25,36,0.5277777777777778,0.5277777777777778,0.5306577480490524,0.5217391304347826,0.46153846153846156,0.6086956521739131,
rf,subjectz,3class,27,36,0.4722222222222222,0.47222222222222215,0.47260869565217395,0.75,0.32,0.34782608695652173,
rf,subjectz,3class,28,36,0.5555555555555556,0.5555555555555556,0.5469289164941339,0.6428571428571429,0.5217391304347826,0.47619047619047616,
rf,subjectz,3class,29,36,0.6388888888888888,0.638888888888889,0.6315151515151515,0.96,0.48,0.45454545454545453,
rf,subjectz,3class,30,36,0.5,0.5,0.5040792540792541,0.75,0.3076923076923077,0.45454545454545453,
rf,subjectz,3class,34,36,0.7222222222222222,0.7222222222222222,0.7296969696969696,0.9090909090909091,0.64,0.64,
rf,subjectz,3class,36,36,0.3611111111111111,0.3611111111111111,0.353968253968254,0.3,0.42857142857142855,0.3333333333333333,
rf,subjectz,3class,37,36,0.4722222222222222,0.47222222222222227,0.41718664477285167,0.6896551724137931,0.42857142857142855,0.13333333333333333,
rf,subjectz,3class,41,36,0.4722222222222222,0.47222222222222215,0.43666412407831173,0.7333333333333333,0.3157894736842105,0.2608695652173913,
rf,subjectz,3class,42,36,0.75,0.75,0.7404408457040036,0.9230769230769231,0.6666666666666666,0.631578947368421,
rf,subjectz,3class,43,36,0.7777777777777778,0.7777777777777777,0.762962962962963,1.0,0.7333333333333333,0.5555555555555556,
rf,subjectz,3class,44,36,0.6388888888888888,0.638888888888889,0.6416666666666666,0.7,0.625,0.6,
rf,subjectz,3class,45,36,0.6111111111111112,0.6111111111111112,0.5876883780332056,0.7586206896551724,0.4444444444444444,0.56,
rf,subjectz,3class,46,36,0.3333333333333333,0.3333333333333333,0.33702408702408704,0.23076923076923078,0.4166666666666667,0.36363636363636365,
rf,subjectz,3class,47,36,0.5,0.49999999999999994,0.5212121212121213,0.8,0.4,0.36363636363636365,
rf,subjectz,3class,48,36,0.5555555555555556,0.5555555555555556,0.5099361430395913,0.8275862068965517,0.48,0.2222222222222222,
rf,subjectz,3class,49,36,0.6388888888888888,0.6388888888888888,0.6241975308641975,0.88,0.5925925925925926,0.4,
rf,subjectz,3class,52,36,0.6944444444444444,0.6944444444444443,0.6843033509700177,0.8148148148148148,0.6666666666666666,0.5714285714285714,
rf,subjectz,3class,53,36,0.4444444444444444,0.4444444444444445,0.4196531214075074,0.7407407407407407,0.3076923076923077,0.21052631578947367,
rf,subjectz,3class,55,36,0.3333333333333333,0.3333333333333333,0.33454545454545453,0.36363636363636365,0.32,0.32,
rf,subjectz,3class,56,36,0.3333333333333333,0.3333333333333333,0.34788359788359785,0.5714285714285714,0.25,0.2222222222222222,
rf,subjectz,3class,57,36,0.4166666666666667,0.4166666666666667,0.3986717752234994,0.56,0.2222222222222222,0.41379310344827586,
rf,subjectz,3class,58,36,0.7222222222222222,0.7222222222222222,0.7142857142857143,1.0,0.6428571428571429,0.5,
rf,subjectz,3class,59,36,0.5833333333333334,0.5833333333333333,0.5745454545454546,0.88,0.48,0.36363636363636365,
rf,subjectz,3class,60,36,0.4166666666666667,0.4166666666666667,0.42129426129426123,0.47619047619047616,0.48,0.3076923076923077,
rf,subjectz,3class,63,36,0.5555555555555556,0.5555555555555556,0.5538164251207729,0.6666666666666666,0.56,0.43478260869565216,
xgb,subjectz,3class,1,36,0.7222222222222222,0.7222222222222223,0.711316059142146,0.8888888888888888,0.6086956521739131,0.6363636363636364,
xgb,subjectz,3class,2,36,0.6111111111111112,0.611111111111111,0.5828796128251663,0.8275862068965517,0.42105263157894735,0.5,
xgb,subjectz,3class,4,36,0.6666666666666666,0.6666666666666666,0.6748251748251749,0.9090909090909091,0.5,0.6153846153846154,
xgb,subjectz,3class,5,36,0.7777777777777778,0.7777777777777778,0.7816627816627816,0.9090909090909091,0.6666666666666666,0.7692307692307693,
xgb,subjectz,3class,6,36,0.6111111111111112,0.6111111111111112,0.5980963480963482,0.9230769230769231,0.4166666666666667,0.45454545454545453,
xgb,subjectz,3class,8,36,0.5833333333333334,0.5833333333333334,0.5661728395061728,0.88,0.3,0.5185185185185185,
xgb,subjectz,3class,11,36,0.4444444444444444,0.4444444444444444,0.42857142857142855,0.6666666666666666,0.3333333333333333,0.2857142857142857,
xgb,subjectz,3class,12,36,0.5833333333333334,0.5833333333333334,0.57006105006105,0.7692307692307693,0.38095238095238093,0.56,
xgb,subjectz,3class,13,36,0.6111111111111112,0.6111111111111112,0.5871794871794872,0.9230769230769231,0.3,0.5384615384615384,
xgb,subjectz,3class,15,36,0.3888888888888889,0.38888888888888884,0.39590204897551223,0.6,0.17391304347826086,0.41379310344827586,
xgb,subjectz,3class,16,36,0.6666666666666666,0.6666666666666666,0.6496296296296297,0.8888888888888888,0.56,0.5,
xgb,subjectz,3class,18,36,0.6666666666666666,0.6666666666666666,0.6588628762541806,0.8461538461538461,0.5217391304347826,0.6086956521739131,
xgb,subjectz,3class,21,36,0.5,0.5,0.5214814814814815,0.8,0.32,0.4444444444444444,
xgb,subjectz,3class,22,36,0.4444444444444444,0.4444444444444444,0.441025641025641,0.6153846153846154,0.4,0.3076923076923077,
xgb,subjectz,3class,24,36,0.5,0.5000000000000001,0.46827067669172934,0.7142857142857143,0.48,0.21052631578947367,
xgb,subjectz,3class,25,36,0.4166666666666667,0.4166666666666667,0.41251207729468603,0.56,0.2608695652173913,0.4166666666666667,
xgb,subjectz,3class,27,36,0.4444444444444444,0.4444444444444444,0.4586247086247086,0.8181818181818182,0.3076923076923077,0.25,
xgb,subjectz,3class,28,36,0.6666666666666666,0.6666666666666666,0.6652991452991452,0.7692307692307693,0.56,0.6666666666666666,
xgb,subjectz,3class,29,36,0.6666666666666666,0.6666666666666666,0.6721739130434784,0.9565217391304348,0.5,0.56,
xgb,subjectz,3class,30,36,0.6111111111111112,0.611111111111111,0.6140859394863972,0.782608695652174,0.5333333333333333,0.5263157894736842,
xgb,subjectz,3class,34,36,0.5833333333333334,0.5833333333333334,0.6,0.8,0.5,0.5,
xgb,subjectz,3class,36,36,0.3611111111111111,0.36111111111111116,0.36943164362519204,0.5,0.3225806451612903,0.2857142857142857,
xgb,subjectz,3class,37,36,0.5555555555555556,0.5555555555555556,0.5369026013309135,0.6896551724137931,0.5,0.42105263157894735,
xgb,subjectz,3class,41,36,0.5555555555555556,0.5555555555555555,0.5292929292929293,0.7333333333333333,0.45454545454545453,0.4,
xgb,subjectz,3class,42,36,0.6388888888888888,0.638888888888889,0.6265328874024526,0.9230769230769231,0.43478260869565216,0.5217391304347826,
xgb,subjectz,3class,43,36,0.6111111111111112,0.6111111111111112,0.6214063714063714,0.9090909090909091,0.5384615384615384,0.4166666666666667,
xgb,subjectz,3class,44,36,0.5833333333333334,0.5833333333333334,0.595959595959596,0.8,0.5333333333333333,0.45454545454545453,
xgb,subjectz,3class,45,36,0.5277777777777778,0.5277777777777778,0.4970256100020165,0.7586206896551724,0.3157894736842105,0.4166666666666667,
xgb,subjectz,3class,46,36,0.3055555555555556,0.3055555555555555,0.3071095571095571,0.25,0.36363636363636365,0.3076923076923077,
xgb,subjectz,3class,47,36,0.5277777777777778,0.5277777777777778,0.5423465423465423,0.9090909090909091,0.38461538461538464,0.3333333333333333,
xgb,subjectz,3class,48,36,0.6388888888888888,0.638888888888889,0.6315942028985507,0.96,0.5,0.43478260869565216,
xgb,subjectz,3class,49,36,0.5833333333333334,0.5833333333333334,0.5833333333333334,0.8333333333333334,0.5,0.4166666666666667,
xgb,subjectz,3class,52,36,0.6388888888888888,0.638888888888889,0.6249382716049383,0.8148148148148148,0.56,0.5,
xgb,subjectz,3class,53,36,0.5277777777777778,0.5277777777777778,0.5048309178743962,0.7857142857142857,0.34782608695652173,0.38095238095238093,
xgb,subjectz,3class,55,36,0.4166666666666667,0.41666666666666674,0.40407177363699104,0.5217391304347826,0.5,0.19047619047619047,
xgb,subjectz,3class,56,36,0.4166666666666667,0.4166666666666667,0.43770100632845726,0.5882352941176471,0.42857142857142855,0.2962962962962963,
xgb,subjectz,3class,57,36,0.4444444444444444,0.4444444444444444,0.44855072463768114,0.6956521739130435,0.4,0.25,
xgb,subjectz,3class,58,36,0.7222222222222222,0.7222222222222223,0.7173429951690822,0.96,0.5833333333333334,0.6086956521739131,
xgb,subjectz,3class,59,36,0.6944444444444444,0.6944444444444443,0.6807814407814408,0.8461538461538461,0.72,0.47619047619047616,
xgb,subjectz,3class,60,36,0.5277777777777778,0.5277777777777778,0.5238095238095238,0.5454545454545454,0.45454545454545453,0.5714285714285714,
xgb,subjectz,3class,63,36,0.5555555555555556,0.5555555555555555,0.560191284828966,0.7272727272727273,0.43478260869565216,0.5185185185185185,
logreg,global,binary,1,36,0.8333333333333334,0.75,0.7777777777777777,0.6666666666666666,,,0.8888888888888888
logreg,global,binary,2,36,0.7222222222222222,0.6041666666666667,0.5982142857142857,0.375,,,0.8214285714285714
logreg,global,binary,4,36,0.5833333333333334,0.6666666666666666,0.583011583011583,0.5945945945945946,,,0.5714285714285714
logreg,global,binary,5,36,0.8333333333333334,0.75,0.7777777777777777,0.6666666666666666,,,0.8888888888888888
logreg,global,binary,6,36,0.8333333333333334,0.75,0.7777777777777777,0.6666666666666666,,,0.8888888888888888
logreg,global,binary,8,36,0.8333333333333334,0.7916666666666666,0.8036363636363637,0.7272727272727273,,,0.88
logreg,global,binary,11,36,0.7222222222222222,0.7708333333333333,0.71875,0.6875,,,0.75
logreg,global,binary,12,36,0.7222222222222222,0.75,0.7142857142857142,0.6666666666666666,,,0.7619047619047619
logreg,global,binary,13,36,0.8333333333333334,0.7916666666666666,0.8036363636363637,0.7272727272727273,,,0.88
logreg,global,binary,15,36,0.5,0.5625,0.5,0.5,,,0.5
logreg,global,binary,16,36,0.8055555555555556,0.7708333333333333,0.7763975155279503,0.6956521739130435,,,0.8571428571428571
logreg,global,binary,18,36,0.6111111111111112,0.7083333333333334,0.609907120743034,0.631578947368421,,,0.5882352941176471
logreg,global,binary,21,36,0.6944444444444444,0.7291666666666667,0.6884343036978757,0.6451612903225806,,,0.7317073170731707
logreg,global,binary,22,36,0.6944444444444444,0.625,0.6302521008403361,0.47619047619047616,,,0.7843137254901961
logreg,global,binary,24,36,0.5277777777777778,0.625,0.5244755244755245,0.5641025641025641,,,0.48484848484848486
logreg,global,binary,25,36,0.3611111111111111,0.5208333333333334,0.2953191489361702,0.5106382978723404,,,0.08
logreg,global,binary,27,36,0.5,0.4375,0.4375,0.25,,,0.625
logreg,global,binary,28,36,0.6388888888888888,0.6458333333333333,0.6246992782678429,0.5517241379310345,,,0.6976744186046512
logreg,global,binary,29,36,0.75,0.7083333333333334,0.712511091393079,0.6086956521739131,,,0.8163265306122449
logreg,global,binary,30,36,0.6111111111111112,0.6458333333333333,0.60625,0.5625,,,0.65
logreg,global,binary,34,36,0.9722222222222222,0.9583333333333333,0.9680567879325643,0.9565217391304348,,,0.9795918367346939
logreg,global,binary,36,36,0.5277777777777778,0.6458333333333334,0.5184893784421715,0.5853658536585366,,,0.45161290322580644
logreg,global,binary,37,36,0.6388888888888888,0.6458333333333333,0.6246992782678429,0.5517241379310345,,,0.6976744186046512
logreg,global,binary,41,36,0.6388888888888888,0.6458333333333333,0.6246992782678429,0.5517241379310345,,,0.6976744186046512
logreg,global,binary,42,36,0.8888888888888888,0.8958333333333333,0.8795986622073578,0.8461538461538461,,,0.9130434782608695
logreg,global,binary,43,36,0.7777777777777778,0.6666666666666666,0.6785714285714286,0.5,,,0.8571428571428571
logreg,global,binary,44,36,0.8611111111111112,0.8333333333333333,0.8402839396628217,0.782608695652174,,,0.8979591836734694
logreg,global,binary,45,36,0.8888888888888888,0.9166666666666667,0.8831168831168831,0.8571428571428571,,,0.9090909090909091
logreg,global,binary,46,36,0.3055555555555556,0.4375,0.25925925925925924,0.4444444444444444,,,0.07407407407407407
logreg,global,binary,47,36,0.5277777777777778,0.6041666666666667,0.5274131274131274,0.5405405405405406,,,0.5142857142857142
logreg,global,binary,48,36,0.8333333333333334,0.8125,0.8125,0.75,,,0.875
logreg,global,binary,49,36,0.6944444444444444,0.75,0.6923076923076923,0.6666666666666666,,,0.717948717948718
logreg,global,binary,52,36,0.75,0.7916666666666666,0.7450826121164438,0.7096774193548387,,,0.7804878048780488
logreg,global,binary,53,36,0.75,0.7916666666666666,0.7450826121164438,0.7096774193548387,,,0.7804878048780488
logreg,global,binary,55,36,0.4166666666666667,0.5625,0.37777777777777777,0.5333333333333333,,,0.2222222222222222
logreg,global,binary,56,36,0.6388888888888888,0.5208333333333334,0.49946524064171127,0.23529411764705882,,,0.7636363636363637
logreg,global,binary,57,36,0.6111111111111112,0.4583333333333333,0.3793103448275862,0.0,,,0.7586206896551724
logreg,global,binary,58,36,0.9166666666666666,0.875,0.8991596638655461,0.8571428571428571,,,0.9411764705882353
logreg,global,binary,59,36,0.8333333333333334,0.8125,0.8125,0.75,,,0.875
logreg,global,binary,60,36,0.6666666666666666,0.5416666666666666,0.5178571428571428,0.25,,,0.7857142857142857
logreg,global,binary,63,36,0.8055555555555556,0.7708333333333333,0.7763975155279503,0.6956521739130435,,,0.8571428571428571
rf,global,binary,1,36,0.6944444444444444,0.5416666666666666,0.4837027379400261,0.15384615384615385,,,0.8135593220338984
rf,global,binary,2,36,0.7222222222222222,0.5833333333333334,0.5566502463054187,0.2857142857142857,,,0.8275862068965517
rf,global,binary,4,36,0.8611111111111112,0.7916666666666667,0.8212512413108242,0.7368421052631579,,,0.9056603773584906
rf,global,binary,5,36,0.7777777777777778,0.6666666666666666,0.6785714285714286,0.5,,,0.8571428571428571
rf,global,binary,6,36,0.6944444444444444,0.5416666666666666,0.4837027379400261,0.15384615384615385,,,0.8135593220338984
rf,global,binary,8,36,0.75,0.625,0.6210526315789473,0.4,,,0.8421052631578947
rf,global,binary,11,36,0.75,0.7291666666666666,0.7242553191489361,0.64,,,0.8085106382978723
rf,global,binary,12,36,0.4722222222222222,0.6041666666666666,0.45148356054530875,0.5581395348837209,,,0.3448275862068966
rf,global,binary,13,36,0.8888888888888888,0.8541666666666667,0.8690909090909091,0.8181818181818182,,,0.92
rf,global,binary,15,36,0.6666666666666666,0.6458333333333334,0.6387959866220736,0.5384615384615384,,,0.7391304347826086
rf,global,binary,16,36,0.8055555555555556,0.7083333333333334,0.7304812834224599,0.5882352941176471,,,0.8727272727272727
rf,global,binary,18,36,0.7222222222222222,0.7708333333333333,0.71875,0.6875,,,0.75
rf,global,binary,21,36,0.6388888888888888,0.6666666666666667,0.6317859952793077,0.5806451612903226,,,0.6829268292682927
rf,global,binary,22,36,0.8055555555555556,0.8333333333333333,0.7979149959903769,0.7586206896551724,,,0.8372093023255814
rf,global,binary,24,36,0.6944444444444444,0.6666666666666667,0.6629787234042553,0.56,,,0.7659574468085106
rf,global,binary,25,36,0.4722222222222222,0.5208333333333333,0.47181467181467185,0.45714285714285713,,,0.4864864864864865
rf,global,binary,27,36,0.8055555555555556,0.7708333333333333,0.7763975155279503,0.6956521739130435,,,0.8571428571428571
rf,global,binary,28,36,0.7222222222222222,0.6666666666666667,0.6727272727272727,0.5454545454545454,,,0.8
rf,global,binary,29,36,0.8611111111111112,0.7916666666666667,0.8212512413108242,0.7368421052631579,,,0.9056603773584906
rf,global,binary,30,36,0.5,0.4375,0.4375,0.25,,,0.625
rf,global,binary,34,36,0.8611111111111112,0.7916666666666667,0.8212512413108242,0.7368421052631579,,,0.9056603773584906
rf,global,binary,36,36,0.75,0.7708333333333334,0.7401764234161989,0.6896551724137931,,,0.7906976744186046
rf,global,binary,37,36,0.6666666666666666,0.5833333333333334,0.5846153846153846,0.4,,,0.7692307692307693
rf,global,binary,41,36,0.6944444444444444,0.6875,0.674074074074074,0.5925925925925926,,,0.7555555555555555
rf,global,binary,42,36,0.8333333333333334,0.8125,0.8125,0.75,,,0.875
rf,global,binary,43,36,0.8055555555555556,0.7083333333333334,0.7304812834224599,0.5882352941176471,,,0.8727272727272727
rf,global,binary,44,36,0.8333333333333334,0.7708333333333334,0.7923076923076923,0.7,,,0.8846153846153846
rf,global,binary,45,36,0.8611111111111112,0.7916666666666667,0.8212512413108242,0.7368421052631579,,,0.9056603773584906
rf,global,binary,46,36,0.5,0.47916666666666663,0.474025974025974,0.35714285714285715,,,0.5909090909090909
rf,global,binary,47,36,0.7777777777777778,0.6666666666666666,0.6785714285714286,0.5,,,0.8571428571428571
rf,global,binary,48,36,0.7777777777777778,0.7083333333333333,0.7230769230769231,0.6,,,0.8461538461538461
rf,global,binary,49,36,0.9444444444444444,0.9166666666666667,0.9345454545454546,0.9090909090909091,,,0.96
rf,global,binary,52,36,0.8333333333333334,0.7708333333333334,0.7923076923076923,0.7,,,0.8846153846153846
rf,global,binary,53,36,0.7777777777777778,0.7083333333333333,0.7230769230769231,0.6,,,0.8461538461538461
rf,global,binary,55,36,0.5277777777777778,0.5833333333333334,0.5274131274131274,0.5142857142857142,,,0.5405405405405406
rf,global,binary,56,36,0.6944444444444444,0.5416666666666666,0.4837027379400261,0.15384615384615385,,,0.8135593220338984
rf,global,binary,57,36,0.8333333333333334,0.75,0.7777777777777777,0.6666666666666666,,,0.8888888888888888
rf,global,binary,58,36,0.8333333333333334,0.75,0.7777777777777777,0.6666666666666666,,,0.8888888888888888
rf,global,binary,59,36,0.9722222222222222,0.9583333333333333,0.9680567879325643,0.9565217391304348,,,0.9795918367346939
rf,global,binary,60,36,0.8055555555555556,0.75,0.7647058823529411,0.6666666666666666,,,0.8627450980392157
rf,global,binary,63,36,0.6666666666666666,0.5,0.4,0.0,,,0.8
xgb,global,binary,1,36,0.8611111111111112,0.7916666666666667,0.8212512413108242,0.7368421052631579,,,0.9056603773584906
xgb,global,binary,2,36,0.6388888888888888,0.6875,0.6363636363636364,0.6060606060606061,,,0.6666666666666666
xgb,global,binary,4,36,0.8611111111111112,0.7916666666666667,0.8212512413108242,0.7368421052631579,,,0.9056603773584906
xgb,global,binary,5,36,0.8611111111111112,0.7916666666666667,0.8212512413108242,0.7368421052631579,,,0.9056603773584906
xgb,global,binary,6,36,0.75,0.625,0.6210526315789473,0.4,,,0.8421052631578947
xgb,global,binary,8,36,0.8055555555555556,0.7083333333333334,0.7304812834224599,0.5882352941176471,,,0.8727272727272727
xgb,global,binary,11,36,0.6944444444444444,0.6666666666666667,0.6629787234042553,0.56,,,0.7659574468085106
xgb,global,binary,12,36,0.4722222222222222,0.5833333333333333,0.4618410700236035,0.5365853658536586,,,0.3870967741935484
xgb,global,binary,13,36,0.8333333333333334,0.75,0.7777777777777777,0.6666666666666666,,,0.8888888888888888
xgb,global,binary,15,36,0.6388888888888888,0.625,0.6148148148148148,0.5185185185185185,,,0.7111111111111111
xgb,global,binary,16,36,0.7777777777777778,0.7083333333333333,0.7230769230769231,0.6,,,0.8461538461538461
xgb,global,binary,18,36,0.6111111111111112,0.6875,0.6111111111111112,0.6111111111111112,,,0.6111111111111112
xgb,global,binary,21,36,0.6666666666666666,0.7291666666666666,0.6656346749226006,0.6470588235294118,,,0.6842105263157895
xgb,global,binary,22,36,0.8333333333333334,0.875,0.8285714285714285,0.8,,,0.8571428571428571
xgb,global,binary,24,36,0.6111111111111112,0.5625,0.5625,0.4166666666666667,,,0.7083333333333334
xgb,global,binary,25,36,0.4722222222222222,0.5833333333333333,0.4618410700236035,0.5365853658536586,,,0.3870967741935484
xgb,global,binary,27,36,0.8333333333333334,0.7708333333333334,0.7923076923076923,0.7,,,0.8846153846153846
xgb,global,binary,28,36,0.6111111111111112,0.6041666666666667,0.5909090909090908,0.5,,,0.6818181818181818
xgb,global,binary,29,36,0.8611111111111112,0.7916666666666667,0.8212512413108242,0.7368421052631579,,,0.9056603773584906
xgb,global,binary,30,36,0.5833333333333334,0.5208333333333334,0.520851818988465,0.34782608695652173,,,0.6938775510204082
xgb,global,binary,34,36,0.8333333333333334,0.7708333333333334,0.7923076923076923,0.7,,,0.8846153846153846
xgb,global,binary,36,36,0.75,0.7708333333333334,0.7401764234161989,0.6896551724137931,,,0.7906976744186046
xgb,global,binary,37,36,0.7777777777777778,0.7291666666666667,0.7381818181818182,0.6363636363636364,,,0.84
xgb,global,binary,41,36,0.6388888888888888,0.6875,0.6363636363636364,0.6060606060606061,,,0.6666666666666666
xgb,global,binary,42,36,0.8611111111111112,0.8541666666666667,0.8468085106382979,0.8,,,0.8936170212765957
xgb,global,binary,43,36,0.7777777777777778,0.6666666666666666,0.6785714285714286,0.5,,,0.8571428571428571
xgb,global,binary,44,36,0.8055555555555556,0.75,0.7647058823529411,0.6666666666666666,,,0.8627450980392157
xgb,global,binary,45,36,0.75,0.7708333333333334,0.7401764234161989,0.6896551724137931,,,0.7906976744186046
xgb,global,binary,46,36,0.3611111111111111,0.4791666666666667,0.3360064153969527,0.46511627906976744,,,0.20689655172413793
xgb,global,binary,47,36,0.75,0.6666666666666666,0.6782522343594837,0.5263157894736842,,,0.8301886792452831
xgb,global,binary,48,36,0.7777777777777778,0.7083333333333333,0.7230769230769231,0.6,,,0.8461538461538461
xgb,global,binary,49,36,0.8055555555555556,0.75,0.7647058823529411,0.6666666666666666,,,0.8627450980392157
xgb,global,binary,52,36,0.8888888888888888,0.8958333333333333,0.8795986622073578,0.8461538461538461,,,0.9130434782608695
xgb,global,binary,53,36,0.75,0.75,0.7333333333333334,0.6666666666666666,,,0.8
xgb,global,binary,55,36,0.4444444444444444,0.5833333333333334,0.41558441558441556,0.5454545454545454,,,0.2857142857142857
xgb,global,binary,56,36,0.6388888888888888,0.5416666666666667,0.535253227408143,0.3157894736842105,,,0.7547169811320755
xgb,global,binary,57,36,0.9444444444444444,0.9166666666666667,0.9345454545454546,0.9090909090909091,,,0.96
xgb,global,binary,58,36,0.8333333333333334,0.75,0.7777777777777777,0.6666666666666666,,,0.8888888888888888
xgb,global,binary,59,36,0.9166666666666666,0.875,0.8991596638655461,0.8571428571428571,,,0.9411764705882353
xgb,global,binary,60,36,0.7222222222222222,0.6041666666666667,0.5982142857142857,0.375,,,0.8214285714285714
xgb,global,binary,63,36,0.6944444444444444,0.5416666666666666,0.4837027379400261,0.15384615384615385,,,0.8135593220338984
logreg,subjectz,binary,1,36,0.9722222222222222,0.9791666666666667,0.9693617021276595,0.96,,,0.9787234042553191
logreg,subjectz,binary,2,36,0.9166666666666666,0.9166666666666666,0.9080851063829787,0.88,,,0.9361702127659575
logreg,subjectz,binary,4,36,0.8611111111111112,0.8333333333333333,0.8402839396628217,0.782608695652174,,,0.8979591836734694
logreg,subjectz,binary,5,36,0.9444444444444444,0.9375,0.9375,0.9166666666666666,,,0.9583333333333334
logreg,subjectz,binary,6,36,0.8888888888888888,0.8958333333333333,0.8795986622073578,0.8461538461538461,,,0.9130434782608695
logreg,subjectz,binary,8,36,0.8888888888888888,0.8958333333333333,0.8795986622073578,0.8461538461538461,,,0.9130434782608695
logreg,subjectz,binary,11,36,0.7222222222222222,0.7291666666666667,0.7077922077922079,0.6428571428571429,,,0.7727272727272727
logreg,subjectz,binary,12,36,0.8888888888888888,0.8958333333333333,0.8795986622073578,0.8461538461538461,,,0.9130434782608695
logreg,subjectz,binary,13,36,0.9444444444444444,0.9583333333333333,0.939799331103679,0.9230769230769231,,,0.9565217391304348
logreg,subjectz,binary,15,36,0.7777777777777778,0.75,0.75,0.6666666666666666,,,0.8333333333333334
logreg,subjectz,binary,16,36,0.8333333333333334,0.875,0.8285714285714285,0.8,,,0.8571428571428571
logreg,subjectz,binary,18,36,0.7777777777777778,0.7916666666666667,0.7662337662337663,0.7142857142857143,,,0.8181818181818182
logreg,subjectz,binary,21,36,0.7777777777777778,0.75,0.75,0.6666666666666666,,,0.8333333333333334
logreg,subjectz,binary,22,36,0.6666666666666666,0.6666666666666666,0.6493506493506493,0.5714285714285714,,,0.7272727272727273
logreg,subjectz,binary,24,36,0.7777777777777778,0.8125,0.7714285714285714,0.7333333333333333,,,0.8095238095238095
logreg,subjectz,binary,25,36,0.6944444444444444,0.6875,0.674074074074074,0.5925925925925926,,,0.7555555555555555
logreg,subjectz,binary,27,36,0.8333333333333334,0.8125,0.8125,0.75,,,0.875
logreg,subjectz,binary,28,36,0.6944444444444444,0.6875,0.674074074074074,0.5925925925925926,,,0.7555555555555555
logreg,subjectz,binary,29,36,0.8611111111111112,0.8333333333333333,0.8402839396628217,0.782608695652174,,,0.8979591836734694
logreg,subjectz,binary,30,36,0.8333333333333334,0.8333333333333334,0.8193979933110368,0.7692307692307693,,,0.8695652173913043
logreg,subjectz,binary,34,36,0.9166666666666666,0.9166666666666666,0.9080851063829787,0.88,,,0.9361702127659575
logreg,subjectz,binary,36,36,0.6666666666666666,0.6041666666666666,0.6072727272727273,0.45454545454545453,,,0.76
logreg,subjectz,binary,37,36,0.7777777777777778,0.75,0.75,0.6666666666666666,,,0.8333333333333334
logreg,subjectz,binary,41,36,0.75,0.75,0.7333333333333334,0.6666666666666666,,,0.8
logreg,subjectz,binary,42,36,0.9444444444444444,0.9583333333333333,0.939799331103679,0.9230769230769231,,,0.9565217391304348
logreg,subjectz,binary,43,36,0.9444444444444444,0.9375,0.9375,0.9166666666666666,,,0.9583333333333334
logreg,subjectz,binary,44,36,0.9444444444444444,0.9166666666666667,0.9345454545454546,0.9090909090909091,,,0.96
logreg,subjectz,binary,45,36,0.7777777777777778,0.8125,0.7714285714285714,0.7333333333333333,,,0.8095238095238095
logreg,subjectz,binary,46,36,0.5,0.4375,0.4375,0.25,,,0.625
logreg,subjectz,binary,47,36,0.8055555555555556,0.7708333333333333,0.7763975155279503,0.6956521739130435,,,0.8571428571428571
logreg,subjectz,binary,48,36,0.9166666666666666,0.9375,0.9111111111111111,0.8888888888888888,,,0.9333333333333333
logreg,subjectz,binary,49,36,0.8611111111111112,0.8541666666666667,0.8468085106382979,0.8,,,0.8936170212765957
logreg,subjectz,binary,52,36,0.8055555555555556,0.8333333333333333,0.7979149959903769,0.7586206896551724,,,0.8372093023255814
logreg,subjectz,binary,53,36,0.8333333333333334,0.8333333333333334,0.8193979933110368,0.7692307692307693,,,0.8695652173913043
logreg,subjectz,binary,55,36,0.6666666666666666,0.6458333333333334,0.6387959866220736,0.5384615384615384,,,0.7391304347826086
logreg,subjectz,binary,56,36,0.6944444444444444,0.6458333333333333,0.6486246672582077,0.5217391304347826,,,0.7755102040816326
logreg,subjectz,binary,57,36,0.8055555555555556,0.7708333333333333,0.7763975155279503,0.6956521739130435,,,0.8571428571428571
logreg,subjectz,binary,58,36,0.8611111111111112,0.8541666666666667,0.8468085106382979,0.8,,,0.8936170212765957
logreg,subjectz,binary,59,36,0.8611111111111112,0.875,0.8518518518518519,0.8148148148148148,,,0.8888888888888888
logreg,subjectz,binary,60,36,0.7777777777777778,0.75,0.75,0.6666666666666666,,,0.8333333333333334
logreg,subjectz,binary,63,36,0.8888888888888888,0.875,0.875,0.8333333333333334,,,0.9166666666666666
rf,subjectz,binary,1,36,0.9444444444444444,0.9166666666666667,0.9345454545454546,0.9090909090909091,,,0.96
rf,subjectz,binary,2,36,0.7777777777777778,0.75,0.75,0.6666666666666666,,,0.8333333333333334
rf,subjectz,binary,4,36,0.8888888888888888,0.8333333333333333,0.8615384615384616,0.8,,,0.9230769230769231
rf,subjectz,binary,5,36,0.9166666666666666,0.875,0.8991596638655461,0.8571428571428571,,,0.9411764705882353
rf,subjectz,binary,6,36,0.9166666666666666,0.8958333333333334,0.904170363797693,0.8695652173913043,,,0.9387755102040817
rf,subjectz,binary,8,36,0.9444444444444444,0.9166666666666667,0.9345454545454546,0.9090909090909091,,,0.96
rf,subjectz,binary,11,36,0.8333333333333334,0.8125,0.8125,0.75,,,0.875
rf,subjectz,binary,12,36,0.8333333333333334,0.7916666666666666,0.8036363636363637,0.7272727272727273,,,0.88
rf,subjectz,binary,13,36,0.8611111111111112,0.8541666666666667,0.8468085106382979,0.8,,,0.8936170212765957
rf,subjectz,binary,15,36,0.8611111111111112,0.7916666666666667,0.8212512413108242,0.7368421052631579,,,0.9056603773584906
rf,subjectz,binary,16,36,0.9444444444444444,0.9166666666666667,0.9345454545454546,0.9090909090909091,,,0.96
rf,subjectz,binary,18,36,0.75,0.6875,0.6974789915966386,0.5714285714285714,,,0.8235294117647058
rf,subjectz,binary,21,36,0.8611111111111112,0.7916666666666667,0.8212512413108242,0.7368421052631579,,,0.9056603773584906
rf,subjectz,binary,22,36,0.75,0.75,0.7333333333333334,0.6666666666666666,,,0.8
rf,subjectz,binary,24,36,0.7222222222222222,0.6875,0.6875,0.5833333333333334,,,0.7916666666666666
rf,subjectz,binary,25,36,0.6944444444444444,0.625,0.6302521008403361,0.47619047619047616,,,0.7843137254901961
rf,subjectz,binary,27,36,0.8333333333333334,0.75,0.7777777777777777,0.6666666666666666,,,0.8888888888888888
rf,subjectz,binary,28,36,0.8055555555555556,0.7291666666666667,0.7497517378351539,0.631578947368421,,,0.8679245283018868
rf,subjectz,binary,29,36,0.9166666666666666,0.875,0.8991596638655461,0.8571428571428571,,,0.9411764705882353
rf,subjectz,binary,30,36,0.8055555555555556,0.75,0.7647058823529411,0.6666666666666666,,,0.8627450980392157
rf,subjectz,binary,34,36,0.8611111111111112,0.7916666666666667,0.8212512413108242,0.7368421052631579,,,0.9056603773584906
rf,subjectz,binary,36,36,0.5833333333333334,0.47916666666666663,0.46375372393247266,0.21052631578947367,,,0.7169811320754716
rf,subjectz,binary,37,36,0.7777777777777778,0.7291666666666667,0.7381818181818182,0.6363636363636364,,,0.84
rf,subjectz,binary,41,36,0.7777777777777778,0.75,0.75,0.6666666666666666,,,0.8333333333333334
rf,subjectz,binary,42,36,0.9444444444444444,0.9583333333333333,0.939799331103679,0.9230769230769231,,,0.9565217391304348
rf,subjectz,binary,43,36,0.9722222222222222,0.9583333333333333,0.9680567879325643,0.9565217391304348,,,0.9795918367346939
rf,subjectz,binary,44,36,0.8055555555555556,0.7291666666666667,0.7497517378351539,0.631578947368421,,,0.8679245283018868
rf,subjectz,binary,45,36,0.6666666666666666,0.625,0.625,0.5,,,0.75
rf,subjectz,binary,46,36,0.5555555555555556,0.4583333333333333,0.4461538461538461,0.2,,,0.6923076923076923
rf,subjectz,binary,47,36,0.8333333333333334,0.75,0.7777777777777777,0.6666666666666666,,,0.8888888888888888
rf,subjectz,binary,48,36,0.9166666666666666,0.9166666666666666,0.9080851063829787,0.88,,,0.9361702127659575
rf,subjectz,binary,49,36,0.8888888888888888,0.8541666666666667,0.8690909090909091,0.8181818181818182,,,0.92
rf,subjectz,binary,52,36,0.8611111111111112,0.875,0.8518518518518519,0.8148148148148148,,,0.8888888888888888
rf,subjectz,binary,53,36,0.7777777777777778,0.75,0.75,0.6666666666666666,,,0.8333333333333334
rf,subjectz,binary,55,36,0.6388888888888888,0.5416666666666667,0.535253227408143,0.3157894736842105,,,0.7547169811320755
rf,subjectz,binary,56,36,0.7777777777777778,0.6875,0.7037037037037037,0.5555555555555556,,,0.8518518518518519
rf,subjectz,binary,57,36,0.75,0.6875,0.6974789915966386,0.5714285714285714,,,0.8235294117647058
rf,subjectz,binary,58,36,0.9166666666666666,0.875,0.8991596638655461,0.8571428571428571,,,0.9411764705882353
rf,subjectz,binary,59,36,0.9444444444444444,0.9375,0.9375,0.9166666666666666,,,0.9583333333333334
rf,subjectz,binary,60,36,0.6944444444444444,0.6041666666666666,0.6067527308838133,0.42105263157894735,,,0.7924528301886793
rf,subjectz,binary,63,36,0.7777777777777778,0.7083333333333333,0.7230769230769231,0.6,,,0.8461538461538461
xgb,subjectz,binary,1,36,0.9166666666666666,0.9375,0.9111111111111111,0.8888888888888888,,,0.9333333333333333
xgb,subjectz,binary,2,36,0.9444444444444444,0.9583333333333333,0.939799331103679,0.9230769230769231,,,0.9565217391304348
xgb,subjectz,binary,4,36,0.8055555555555556,0.7083333333333334,0.7304812834224599,0.5882352941176471,,,0.8727272727272727
xgb,subjectz,binary,5,36,0.9444444444444444,0.9166666666666667,0.9345454545454546,0.9090909090909091,,,0.96
xgb,subjectz,binary,6,36,1.0,1.0,1.0,1.0,,,1.0
xgb,subjectz,binary,8,36,0.8611111111111112,0.8333333333333333,0.8402839396628217,0.782608695652174,,,0.8979591836734694
xgb,subjectz,binary,11,36,0.7777777777777778,0.7708333333333333,0.7591973244147157,0.6923076923076923,,,0.8260869565217391
xgb,subjectz,binary,12,36,0.8055555555555556,0.7708333333333333,0.7763975155279503,0.6956521739130435,,,0.8571428571428571
xgb,subjectz,binary,13,36,0.8888888888888888,0.875,0.875,0.8333333333333334,,,0.9166666666666666
xgb,subjectz,binary,15,36,0.8055555555555556,0.7291666666666667,0.7497517378351539,0.631578947368421,,,0.8679245283018868
xgb,subjectz,binary,16,36,0.9166666666666666,0.9166666666666666,0.9080851063829787,0.88,,,0.9361702127659575
xgb,subjectz,binary,18,36,0.8333333333333334,0.7916666666666666,0.8036363636363637,0.7272727272727273,,,0.88
xgb,subjectz,binary,21,36,0.8611111111111112,0.7916666666666667,0.8212512413108242,0.7368421052631579,,,0.9056603773584906
xgb,subjectz,binary,22,36,0.75,0.7291666666666666,0.7242553191489361,0.64,,,0.8085106382978723
xgb,subjectz,binary,24,36,0.8055555555555556,0.8125,0.7925925925925925,0.7407407407407407,,,0.8444444444444444
xgb,subjectz,binary,25,36,0.7222222222222222,0.6875,0.6875,0.5833333333333334,,,0.7916666666666666
xgb,subjectz,binary,27,36,0.9166666666666666,0.875,0.8991596638655461,0.8571428571428571,,,0.9411764705882353
xgb,subjectz,binary,28,36,0.8333333333333334,0.8125,0.8125,0.75,,,0.875
xgb,subjectz,binary,29,36,0.9444444444444444,0.9375,0.9375,0.9166666666666666,,,0.9583333333333334
xgb,subjectz,binary,30,36,0.8333333333333334,0.7916666666666666,0.8036363636363637,0.7272727272727273,,,0.88
xgb,subjectz,binary,34,36,0.8333333333333334,0.75,0.7777777777777777,0.6666666666666666,,,0.8888888888888888
xgb,subjectz,binary,36,36,0.6666666666666666,0.5833333333333334,0.5846153846153846,0.4,,,0.7692307692307693
xgb,subjectz,binary,37,36,0.8055555555555556,0.8125,0.7925925925925925,0.7407407407407407,,,0.8444444444444444
xgb,subjectz,binary,41,36,0.8055555555555556,0.8125,0.7925925925925925,0.7407407407407407,,,0.8444444444444444
xgb,subjectz,binary,42,36,0.9722222222222222,0.9791666666666667,0.9693617021276595,0.96,,,0.9787234042553191
xgb,subjectz,binary,43,36,0.9166666666666666,0.875,0.8991596638655461,0.8571428571428571,,,0.9411764705882353
xgb,subjectz,binary,44,36,0.8611111111111112,0.7916666666666667,0.8212512413108242,0.7368421052631579,,,0.9056603773584906
xgb,subjectz,binary,45,36,0.8055555555555556,0.8125,0.7925925925925925,0.7407407407407407,,,0.8444444444444444
xgb,subjectz,binary,46,36,0.6388888888888888,0.5625,0.5630252100840336,0.38095238095238093,,,0.7450980392156863
xgb,subjectz,binary,47,36,0.9166666666666666,0.875,0.8991596638655461,0.8571428571428571,,,0.9411764705882353
xgb,subjectz,binary,48,36,0.9444444444444444,0.9375,0.9375,0.9166666666666666,,,0.9583333333333334
xgb,subjectz,binary,49,36,0.9166666666666666,0.8958333333333334,0.904170363797693,0.8695652173913043,,,0.9387755102040817
xgb,subjectz,binary,52,36,0.8611111111111112,0.8541666666666667,0.8468085106382979,0.8,,,0.8936170212765957
xgb,subjectz,binary,53,36,0.8055555555555556,0.8125,0.7925925925925925,0.7407407407407407,,,0.8444444444444444
xgb,subjectz,binary,55,36,0.6388888888888888,0.5416666666666667,0.535253227408143,0.3157894736842105,,,0.7547169811320755
xgb,subjectz,binary,56,36,0.7777777777777778,0.6666666666666666,0.6785714285714286,0.5,,,0.8571428571428571
xgb,subjectz,binary,57,36,0.8055555555555556,0.7291666666666667,0.7497517378351539,0.631578947368421,,,0.8679245283018868
xgb,subjectz,binary,58,36,1.0,1.0,1.0,1.0,,,1.0
xgb,subjectz,binary,59,36,0.9444444444444444,0.9375,0.9375,0.9166666666666666,,,0.9583333333333334
xgb,subjectz,binary,60,36,0.7777777777777778,0.7083333333333333,0.7230769230769231,0.6,,,0.8461538461538461
xgb,subjectz,binary,63,36,0.8888888888888888,0.8333333333333333,0.8615384615384616,0.8,,,0.9230769230769231
logreg,global,armhand,1,24,0.5416666666666666,0.5416666666666666,0.5208711433756805,,0.42105263157894735,0.6206896551724138,
logreg,global,armhand,2,24,0.5,0.5,0.3333333333333333,,0.0,0.6666666666666666,
logreg,global,armhand,4,24,0.5,0.5,0.4666666666666667,,0.6,0.3333333333333333,
logreg,global,armhand,5,24,0.375,0.375,0.3739130434782609,,0.34782608695652173,0.4,
logreg,global,armhand,6,24,0.5416666666666666,0.5416666666666666,0.5208711433756805,,0.42105263157894735,0.6206896551724138,
logreg,global,armhand,8,24,0.3333333333333333,0.3333333333333333,0.3333333333333333,,0.3333333333333333,0.3333333333333333,
logreg,global,armhand,11,24,0.5833333333333334,0.5833333333333334,0.5833333333333334,,0.5833333333333334,0.5833333333333334,
logreg,global,armhand,12,24,0.5833333333333334,0.5833333333333334,0.5714285714285714,,0.6428571428571429,0.5,
logreg,global,armhand,13,24,0.4583333333333333,0.4583333333333333,0.3142857142857143,,0.0,0.6285714285714286,
logreg,global,armhand,15,24,0.5,0.5,0.4666666666666667,,0.3333333333333333,0.6,
logreg,global,armhand,16,24,0.5,0.5,0.4857142857142857,,0.5714285714285714,0.4,
logreg,global,armhand,18,24,0.6666666666666666,0.6666666666666666,0.6444444444444444,,0.7333333333333333,0.5555555555555556,
logreg,global,armhand,21,24,0.4583333333333333,0.45833333333333337,0.3696969696969697,,0.6060606060606061,0.13333333333333333,
logreg,global,armhand,22,24,0.4583333333333333,0.45833333333333337,0.45739130434782604,,0.43478260869565216,0.48,
logreg,global,armhand,24,24,0.5833333333333334,0.5833333333333334,0.5833333333333334,,0.5833333333333334,0.5833333333333334,
logreg,global,armhand,25,24,0.5833333333333334,0.5833333333333334,0.4957983193277311,,0.2857142857142857,0.7058823529411765,
logreg,global,armhand,27,24,0.5833333333333334,0.5833333333333333,0.53125,,0.375,0.6875,
logreg,global,armhand,28,24,0.4583333333333333,0.45833333333333337,0.4497354497354497,,0.38095238095238093,0.5185185185185185,
logreg,global,armhand,29,24,0.5,0.5,0.49650349650349646,,0.5384615384615384,0.45454545454545453,
logreg,global,armhand,30,24,0.5416666666666666,0.5416666666666666,0.5343915343915344,,0.47619047619047616,0.5925925925925926,
logreg,global,armhand,34,24,0.5416666666666666,0.5416666666666666,0.4666666666666667,,0.26666666666666666,0.6666666666666666,
logreg,global,armhand,36,24,0.4166666666666667,0.4166666666666667,0.29411764705882354,,0.0,0.5882352941176471,
logreg,global,armhand,37,24,0.5416666666666666,0.5416666666666666,0.4666666666666667,,0.6666666666666666,0.26666666666666666,
logreg,global,armhand,41,24,0.5833333333333334,0.5833333333333334,0.4957983193277311,,0.7058823529411765,0.2857142857142857,
logreg,global,armhand,42,24,0.5416666666666666,0.5416666666666666,0.4666666666666667,,0.6666666666666666,0.26666666666666666,
logreg,global,armhand,43,24,0.5833333333333334,0.5833333333333334,0.5555555555555556,,0.6666666666666666,0.4444444444444444,
logreg,global,armhand,44,24,0.7083333333333334,0.7083333333333334,0.6812144212523719,,0.7741935483870968,0.5882352941176471,
logreg,global,armhand,45,24,0.4583333333333333,0.45833333333333337,0.3696969696969697,,0.13333333333333333,0.6060606060606061,
logreg,global,armhand,46,24,0.5,0.5,0.4666666666666667,,0.3333333333333333,0.6,
logreg,global,armhand,47,24,0.5833333333333334,0.5833333333333334,0.4957983193277311,,0.7058823529411765,0.2857142857142857,
logreg,global,armhand,48,24,0.4583333333333333,0.45833333333333337,0.45739130434782604,,0.43478260869565216,0.48,
logreg,global,armhand,49,24,0.5833333333333334,0.5833333333333334,0.5714285714285714,,0.5,0.6428571428571429,
logreg,global,armhand,52,24,0.5833333333333334,0.5833333333333333,0.5804195804195804,,0.6153846153846154,0.5454545454545454,
logreg,global,armhand,53,24,0.5,0.5,0.5,,0.5,0.5,
logreg,global,armhand,55,24,0.3333333333333333,0.3333333333333333,0.3142857142857143,,0.2,0.42857142857142855,
logreg,global,armhand,56,24,0.4583333333333333,0.45833333333333337,0.45739130434782604,,0.48,0.43478260869565216,
logreg,global,armhand,57,24,0.5,0.5,0.3333333333333333,,0.0,0.6666666666666666,
logreg,global,armhand,58,24,0.4166666666666667,0.4166666666666667,0.4,,0.3,0.5,
logreg,global,armhand,59,24,0.6666666666666666,0.6666666666666666,0.6666666666666666,,0.6666666666666666,0.6666666666666666,
logreg,global,armhand,60,24,0.625,0.625,0.6243478260869566,,0.64,0.6086956521739131,
logreg,global,armhand,63,24,0.5,0.5,0.4375,,0.625,0.25,
rf,global,armhand,1,24,0.4166666666666667,0.4166666666666667,0.29411764705882354,,0.5882352941176471,0.0,
rf,global,armhand,2,24,0.5,0.5,0.4857142857142857,,0.5714285714285714,0.4,
rf,global,armhand,4,24,0.5,0.5,0.4857142857142857,,0.4,0.5714285714285714,
rf,global,armhand,5,24,0.4166666666666667,0.4166666666666667,0.34375,,0.125,0.5625,
rf,global,armhand,6,24,0.5,0.5,0.4666666666666667,,0.3333333333333333,0.6,
rf,global,armhand,8,24,0.3333333333333333,0.3333333333333333,0.25,,0.0,0.5,
rf,global,armhand,11,24,0.4583333333333333,0.4583333333333333,0.4337568058076225,,0.5517241379310345,0.3157894736842105,
rf,global,armhand,12,24,0.5416666666666666,0.5416666666666666,0.5208711433756805,,0.42105263157894735,0.6206896551724138,
rf,global,armhand,13,24,0.4583333333333333,0.4583333333333333,0.3142857142857143,,0.0,0.6285714285714286,
rf,global,armhand,15,24,0.3333333333333333,0.33333333333333337,0.28888888888888886,,0.4666666666666667,0.1111111111111111,
rf,global,armhand,16,24,0.5,0.5,0.4666666666666667,,0.3333333333333333,0.6,
rf,global,armhand,18,24,0.5416666666666666,0.5416666666666666,0.5208711433756805,,0.6206896551724138,0.42105263157894735,
rf,global,armhand,21,24,0.4583333333333333,0.4583333333333333,0.4079696394686907,,0.5806451612903226,0.23529411764705882,
rf,global,armhand,22,24,0.4583333333333333,0.45833333333333337,0.4497354497354497,,0.38095238095238093,0.5185185185185185,
rf,global,armhand,24,24,0.5416666666666666,0.5416666666666666,0.4666666666666667,,0.26666666666666666,0.6666666666666666,
rf,global,armhand,25,24,0.625,0.625,0.6079854809437386,,0.5263157894736842,0.6896551724137931,
rf,global,armhand,27,24,0.5416666666666666,0.5416666666666667,0.5408695652173914,,0.5217391304347826,0.56,
rf,global,armhand,28,24,0.5833333333333334,0.5833333333333334,0.5833333333333334,,0.5833333333333334,0.5833333333333334,
rf,global,armhand,29,24,0.5833333333333334,0.5833333333333333,0.53125,,0.6875,0.375,
rf,global,armhand,30,24,0.4583333333333333,0.45833333333333337,0.4497354497354497,,0.38095238095238093,0.5185185185185185,
rf,global,armhand,34,24,0.4166666666666667,0.41666666666666663,0.37777777777777777,,0.2222222222222222,0.5333333333333333,
rf,global,armhand,36,24,0.4166666666666667,0.4166666666666667,0.4,,0.3,0.5,
rf,global,armhand,37,24,0.375,0.375,0.36507936507936506,,0.4444444444444444,0.2857142857142857,
rf,global,armhand,41,24,0.5416666666666666,0.5416666666666666,0.4666666666666667,,0.6666666666666666,0.26666666666666666,
rf,global,armhand,42,24,0.5,0.5,0.3333333333333333,,0.6666666666666666,0.0,
rf,global,armhand,43,24,0.5416666666666666,0.5416666666666667,0.5408695652173914,,0.56,0.5217391304347826,
rf,global,armhand,44,24,0.6666666666666666,0.6666666666666667,0.6643356643356644,,0.6363636363636364,0.6923076923076923,
rf,global,armhand,45,24,0.2916666666666667,0.2916666666666667,0.2595281306715064,,0.10526315789473684,0.41379310344827586,
rf,global,armhand,46,24,0.5416666666666666,0.5416666666666667,0.5408695652173914,,0.56,0.5217391304347826,
rf,global,armhand,47,24,0.4583333333333333,0.4583333333333333,0.4337568058076225,,0.5517241379310345,0.3157894736842105,
rf,global,armhand,48,24,0.3333333333333333,0.33333333333333337,0.32867132867132864,,0.38461538461538464,0.2727272727272727,
rf,global,armhand,49,24,0.5,0.5,0.4666666666666667,,0.3333333333333333,0.6,
rf,global,armhand,52,24,0.5416666666666666,0.5416666666666666,0.5343915343915344,,0.47619047619047616,0.5925925925925926,
rf,global,armhand,53,24,0.7083333333333334,0.7083333333333334,0.7037037037037037,,0.6666666666666666,0.7407407407407407,
rf,global,armhand,55,24,0.4166666666666667,0.41666666666666663,0.4125874125874126,,0.46153846153846156,0.36363636363636365,
rf,global,armhand,56,24,0.5,0.5,0.4857142857142857,,0.5714285714285714,0.4,
rf,global,armhand,57,24,0.4583333333333333,0.4583333333333333,0.3142857142857143,,0.0,0.6285714285714286,
rf,global,armhand,58,24,0.5833333333333334,0.5833333333333334,0.5833333333333334,,0.5833333333333334,0.5833333333333334,
rf,global,armhand,59,24,0.375,0.375,0.34664246823956446,,0.21052631578947367,0.4827586206896552,
rf,global,armhand,60,24,0.5416666666666666,0.5416666666666666,0.4666666666666667,,0.6666666666666666,0.26666666666666666,
rf,global,armhand,63,24,0.375,0.375,0.36507936507936506,,0.2857142857142857,0.4444444444444444,
xgb,global,armhand,1,24,0.4166666666666667,0.4166666666666667,0.29411764705882354,,0.5882352941176471,0.0,
xgb,global,armhand,2,24,0.4583333333333333,0.4583333333333333,0.4079696394686907,,0.5806451612903226,0.23529411764705882,
xgb,global,armhand,4,24,0.4583333333333333,0.45833333333333337,0.45739130434782604,,0.43478260869565216,0.48,
xgb,global,armhand,5,24,0.4583333333333333,0.45833333333333337,0.4497354497354497,,0.38095238095238093,0.5185185185185185,
xgb,global,armhand,6,24,0.625,0.625,0.5901328273244781,,0.47058823529411764,0.7096774193548387,
xgb,global,armhand,8,24,0.5416666666666666,0.5416666666666667,0.4990512333965844,,0.35294117647058826,0.6451612903225806,
xgb,global,armhand,11,24,0.4583333333333333,0.45833333333333337,0.4497354497354497,,0.5185185185185185,0.38095238095238093,
xgb,global,armhand,12,24,0.375,0.375,0.34664246823956446,,0.4827586206896552,0.21052631578947367,
xgb,global,armhand,13,24,0.4583333333333333,0.45833333333333337,0.3696969696969697,,0.13333333333333333,0.6060606060606061,
xgb,global,armhand,15,24,0.20833333333333334,0.20833333333333331,0.20695652173913043,,0.24,0.17391304347826086,
xgb,global,armhand,16,24,0.6666666666666666,0.6666666666666667,0.6643356643356644,,0.6363636363636364,0.6923076923076923,
xgb,global,armhand,18,24,0.5833333333333334,0.5833333333333334,0.5714285714285714,,0.6428571428571429,0.5,
xgb,global,armhand,21,24,0.5,0.5,0.4666666666666667,,0.6,0.3333333333333333,
xgb,global,armhand,22,24,0.5416666666666666,0.5416666666666667,0.5408695652173914,,0.56,0.5217391304347826,
xgb,global,armhand,24,24,0.5,0.5,0.4666666666666667,,0.3333333333333333,0.6,
xgb,global,armhand,25,24,0.4166666666666667,0.4166666666666667,0.4,,0.3,0.5,
xgb,global,armhand,27,24,0.625,0.625,0.6190476190476191,,0.5714285714285714,0.6666666666666666,
xgb,global,armhand,28,24,0.5,0.5,0.4857142857142857,,0.5714285714285714,0.4,
xgb,global,armhand,29,24,0.5,0.5,0.5,,0.5,0.5,
xgb,global,armhand,30,24,0.4166666666666667,0.4166666666666667,0.4,,0.3,0.5,
xgb,global,armhand,34,24,0.4166666666666667,0.4166666666666667,0.4,,0.3,0.5,
xgb,global,armhand,36,24,0.4583333333333333,0.45833333333333337,0.45739130434782604,,0.48,0.43478260869565216,
xgb,global,armhand,37,24,0.4166666666666667,0.41666666666666663,0.37777777777777777,,0.5333333333333333,0.2222222222222222,
xgb,global,armhand,41,24,0.625,0.625,0.5901328273244781,,0.7096774193548387,0.47058823529411764,
xgb,global,armhand,42,24,0.5833333333333334,0.5833333333333333,0.53125,,0.6875,0.375,
xgb,global,armhand,43,24,0.5833333333333334,0.5833333333333333,0.5804195804195804,,0.6153846153846154,0.5454545454545454,
xgb,global,armhand,44,24,0.5416666666666666,0.5416666666666666,0.5343915343915344,,0.5925925925925926,0.47619047619047616,
xgb,global,armhand,45,24,0.5416666666666666,0.5416666666666666,0.4197802197802198,,0.15384615384615385,0.6857142857142857,
xgb,global,armhand,46,24,0.4583333333333333,0.4583333333333333,0.4337568058076225,,0.3157894736842105,0.5517241379310345,
xgb,global,armhand,47,24,0.4583333333333333,0.4583333333333333,0.4337568058076225,,0.5517241379310345,0.3157894736842105,
xgb,global,armhand,48,24,0.3333333333333333,0.3333333333333333,0.3333333333333333,,0.3333333333333333,0.3333333333333333,
xgb,global,armhand,49,24,0.4583333333333333,0.4583333333333333,0.4337568058076225,,0.3157894736842105,0.5517241379310345,
xgb,global,armhand,52,24,0.7083333333333334,0.7083333333333334,0.7037037037037037,,0.6666666666666666,0.7407407407407407,
xgb,global,armhand,53,24,0.5833333333333334,0.5833333333333334,0.5555555555555556,,0.4444444444444444,0.6666666666666666,
xgb,global,armhand,55,24,0.3333333333333333,0.33333333333333337,0.32867132867132864,,0.38461538461538464,0.2727272727272727,
xgb,global,armhand,56,24,0.4583333333333333,0.45833333333333337,0.4497354497354497,,0.5185185185185185,0.38095238095238093,
xgb,global,armhand,57,24,0.5,0.5,0.4857142857142857,,0.4,0.5714285714285714,
xgb,global,armhand,58,24,0.4583333333333333,0.45833333333333337,0.45739130434782604,,0.48,0.43478260869565216,
xgb,global,armhand,59,24,0.4166666666666667,0.4166666666666667,0.4166666666666667,,0.4166666666666667,0.4166666666666667,
xgb,global,armhand,60,24,0.5833333333333334,0.5833333333333334,0.5555555555555556,,0.6666666666666666,0.4444444444444444,
xgb,global,armhand,63,24,0.5,0.5,0.4666666666666667,,0.3333333333333333,0.6,
logreg,subjectz,armhand,1,24,0.7916666666666666,0.7916666666666667,0.791304347826087,,0.782608695652174,0.8,
logreg,subjectz,armhand,2,24,0.5416666666666666,0.5416666666666667,0.5408695652173914,,0.56,0.5217391304347826,
logreg,subjectz,armhand,4,24,0.625,0.625,0.6243478260869566,,0.6086956521739131,0.64,
logreg,subjectz,armhand,5,24,0.625,0.625,0.6190476190476191,,0.6666666666666666,0.5714285714285714,
logreg,subjectz,armhand,6,24,0.5,0.5,0.4857142857142857,,0.5714285714285714,0.4,
logreg,subjectz,armhand,8,24,0.4583333333333333,0.45833333333333337,0.45739130434782604,,0.48,0.43478260869565216,
logreg,subjectz,armhand,11,24,0.4583333333333333,0.45833333333333337,0.45739130434782604,,0.43478260869565216,0.48,
logreg,subjectz,armhand,12,24,0.5833333333333334,0.5833333333333333,0.5804195804195804,,0.5454545454545454,0.6153846153846154,
logreg,subjectz,armhand,13,24,0.5416666666666666,0.5416666666666667,0.5408695652173914,,0.5217391304347826,0.56,
logreg,subjectz,armhand,15,24,0.3333333333333333,0.3333333333333333,0.3333333333333333,,0.3333333333333333,0.3333333333333333,
logreg,subjectz,armhand,16,24,0.625,0.625,0.6243478260869566,,0.6086956521739131,0.64,
logreg,subjectz,armhand,18,24,0.5833333333333334,0.5833333333333333,0.5804195804195804,,0.5454545454545454,0.6153846153846154,
logreg,subjectz,armhand,21,24,0.5,0.5,0.49650349650349646,,0.5384615384615384,0.45454545454545453,
logreg,subjectz,armhand,22,24,0.5416666666666666,0.5416666666666667,0.5408695652173914,,0.5217391304347826,0.56,
logreg,subjectz,armhand,24,24,0.625,0.625,0.6243478260869566,,0.6086956521739131,0.64,
logreg,subjectz,armhand,25,24,0.5,0.5,0.49650349650349646,,0.5384615384615384,0.45454545454545453,
logreg,subjectz,armhand,27,24,0.5833333333333334,0.5833333333333334,0.5833333333333334,,0.5833333333333334,0.5833333333333334,
logreg,subjectz,armhand,28,24,0.625,0.625,0.6243478260869566,,0.6086956521739131,0.64,
logreg,subjectz,armhand,29,24,0.5416666666666666,0.5416666666666666,0.5343915343915344,,0.47619047619047616,0.5925925925925926,
logreg,subjectz,armhand,30,24,0.4583333333333333,0.45833333333333337,0.45739130434782604,,0.48,0.43478260869565216,
logreg,subjectz,armhand,34,24,0.5833333333333334,0.5833333333333334,0.5833333333333334,,0.5833333333333334,0.5833333333333334,
logreg,subjectz,armhand,36,24,0.4166666666666667,0.4166666666666667,0.4166666666666667,,0.4166666666666667,0.4166666666666667,
logreg,subjectz,armhand,37,24,0.5416666666666666,0.5416666666666667,0.5408695652173914,,0.5217391304347826,0.56,
logreg,subjectz,armhand,41,24,0.7083333333333334,0.7083333333333334,0.7037037037037037,,0.7407407407407407,0.6666666666666666,
logreg,subjectz,armhand,42,24,0.6666666666666666,0.6666666666666667,0.6643356643356644,,0.6923076923076923,0.6363636363636364,
logreg,subjectz,armhand,43,24,0.6666666666666666,0.6666666666666667,0.6571428571428571,,0.7142857142857143,0.6,
logreg,subjectz,armhand,44,24,0.6666666666666666,0.6666666666666667,0.6643356643356644,,0.6923076923076923,0.6363636363636364,
logreg,subjectz,armhand,45,24,0.5833333333333334,0.5833333333333334,0.5833333333333334,,0.5833333333333334,0.5833333333333334,
logreg,subjectz,armhand,46,24,0.2916666666666667,0.29166666666666663,0.29043478260869565,,0.32,0.2608695652173913,
logreg,subjectz,armhand,47,24,0.625,0.625,0.6243478260869566,,0.6086956521739131,0.64,
logreg,subjectz,armhand,48,24,0.5833333333333334,0.5833333333333334,0.5833333333333334,,0.5833333333333334,0.5833333333333334,
logreg,subjectz,armhand,49,24,0.625,0.625,0.6243478260869566,,0.6086956521739131,0.64,
logreg,subjectz,armhand,52,24,0.5833333333333334,0.5833333333333333,0.5804195804195804,,0.5454545454545454,0.6153846153846154,
logreg,subjectz,armhand,53,24,0.5416666666666666,0.5416666666666667,0.5408695652173914,,0.56,0.5217391304347826,
logreg,subjectz,armhand,55,24,0.4583333333333333,0.45833333333333337,0.45739130434782604,,0.43478260869565216,0.48,
logreg,subjectz,armhand,56,24,0.375,0.375,0.3739130434782609,,0.34782608695652173,0.4,
logreg,subjectz,armhand,57,24,0.5833333333333334,0.5833333333333333,0.5804195804195804,,0.5454545454545454,0.6153846153846154,
logreg,subjectz,armhand,58,24,0.625,0.625,0.6243478260869566,,0.6086956521739131,0.64,
logreg,subjectz,armhand,59,24,0.75,0.75,0.7482517482517483,,0.7692307692307693,0.7272727272727273,
logreg,subjectz,armhand,60,24,0.625,0.625,0.6243478260869566,,0.6086956521739131,0.64,
logreg,subjectz,armhand,63,24,0.4583333333333333,0.45833333333333337,0.45739130434782604,,0.48,0.43478260869565216,
rf,subjectz,armhand,1,24,0.625,0.625,0.6079854809437386,,0.6896551724137931,0.5263157894736842,
rf,subjectz,armhand,2,24,0.5833333333333334,0.5833333333333333,0.5804195804195804,,0.5454545454545454,0.6153846153846154,
rf,subjectz,armhand,4,24,0.625,0.625,0.6243478260869566,,0.64,0.6086956521739131,
rf,subjectz,armhand,5,24,0.75,0.75,0.7482517482517483,,0.7272727272727273,0.7692307692307693,
rf,subjectz,armhand,6,24,0.5416666666666666,0.5416666666666667,0.5408695652173914,,0.56,0.5217391304347826,
rf,subjectz,armhand,8,24,0.4166666666666667,0.41666666666666663,0.4125874125874126,,0.36363636363636365,0.46153846153846156,
rf,subjectz,armhand,11,24,0.375,0.375,0.36507936507936506,,0.4444444444444444,0.2857142857142857,
rf,subjectz,armhand,12,24,0.5833333333333334,0.5833333333333334,0.5714285714285714,,0.6428571428571429,0.5,
rf,subjectz,armhand,13,24,0.4583333333333333,0.45833333333333337,0.45739130434782604,,0.48,0.43478260869565216,
rf,subjectz,armhand,15,24,0.5,0.5,0.4857142857142857,,0.4,0.5714285714285714,
rf,subjectz,armhand,16,24,0.4583333333333333,0.45833333333333337,0.4497354497354497,,0.5185185185185185,0.38095238095238093,
rf,subjectz,armhand,18,24,0.375,0.375,0.36507936507936506,,0.2857142857142857,0.4444444444444444,
rf,subjectz,armhand,21,24,0.4583333333333333,0.45833333333333337,0.45739130434782604,,0.43478260869565216,0.48,
rf,subjectz,armhand,22,24,0.3333333333333333,0.3333333333333333,0.3333333333333333,,0.3333333333333333,0.3333333333333333,
rf,subjectz,armhand,24,24,0.5416666666666666,0.5416666666666667,0.5408695652173914,,0.5217391304347826,0.56,
rf,subjectz,armhand,25,24,0.75,0.75,0.7482517482517483,,0.7692307692307693,0.7272727272727273,
rf,subjectz,armhand,27,24,0.5416666666666666,0.5416666666666666,0.5343915343915344,,0.47619047619047616,0.5925925925925926,
rf,subjectz,armhand,28,24,0.625,0.625,0.6243478260869566,,0.64,0.6086956521739131,
rf,subjectz,armhand,29,24,0.4166666666666667,0.4166666666666667,0.4166666666666667,,0.4166666666666667,0.4166666666666667,
rf,subjectz,armhand,30,24,0.625,0.625,0.6079854809437386,,0.6896551724137931,0.5263157894736842,
rf,subjectz,armhand,34,24,0.7083333333333334,0.7083333333333333,0.7078260869565217,,0.6956521739130435,0.72,
rf,subjectz,armhand,36,24,0.4583333333333333,0.45833333333333337,0.4497354497354497,,0.5185185185185185,0.38095238095238093,
rf,subjectz,armhand,37,24,0.3333333333333333,0.3333333333333333,0.3142857142857143,,0.42857142857142855,0.2,
rf,subjectz,armhand,41,24,0.5833333333333334,0.5833333333333334,0.5833333333333334,,0.5833333333333334,0.5833333333333334,
rf,subjectz,armhand,42,24,0.6666666666666666,0.6666666666666667,0.6643356643356644,,0.6363636363636364,0.6923076923076923,
rf,subjectz,armhand,43,24,0.5416666666666666,0.5416666666666667,0.5408695652173914,,0.5217391304347826,0.56,
rf,subjectz,armhand,44,24,0.5,0.5,0.49650349650349646,,0.5384615384615384,0.45454545454545453,
rf,subjectz,armhand,45,24,0.7083333333333334,0.7083333333333333,0.7078260869565217,,0.72,0.6956521739130435,
rf,subjectz,armhand,46,24,0.5,0.5,0.49650349650349646,,0.5384615384615384,0.45454545454545453,
rf,subjectz,armhand,47,24,0.5416666666666666,0.5416666666666666,0.5208711433756805,,0.6206896551724138,0.42105263157894735,
rf,subjectz,armhand,48,24,0.5416666666666666,0.5416666666666667,0.4990512333965844,,0.6451612903225806,0.35294117647058826,
rf,subjectz,armhand,49,24,0.5416666666666666,0.5416666666666666,0.5208711433756805,,0.6206896551724138,0.42105263157894735,
rf,subjectz,armhand,52,24,0.5416666666666666,0.5416666666666667,0.5408695652173914,,0.5217391304347826,0.56,
rf,subjectz,armhand,53,24,0.4166666666666667,0.41666666666666663,0.4125874125874126,,0.46153846153846156,0.36363636363636365,
rf,subjectz,armhand,55,24,0.4583333333333333,0.45833333333333337,0.45739130434782604,,0.48,0.43478260869565216,
rf,subjectz,armhand,56,24,0.2916666666666667,0.29166666666666663,0.29043478260869565,,0.2608695652173913,0.32,
rf,subjectz,armhand,57,24,0.4166666666666667,0.41666666666666663,0.4125874125874126,,0.36363636363636365,0.46153846153846156,
rf,subjectz,armhand,58,24,0.625,0.625,0.6243478260869566,,0.64,0.6086956521739131,
rf,subjectz,armhand,59,24,0.625,0.625,0.6243478260869566,,0.6086956521739131,0.64,
rf,subjectz,armhand,60,24,0.5833333333333334,0.5833333333333333,0.5804195804195804,,0.5454545454545454,0.6153846153846154,
rf,subjectz,armhand,63,24,0.5833333333333334,0.5833333333333334,0.5833333333333334,,0.5833333333333334,0.5833333333333334,
xgb,subjectz,armhand,1,24,0.5416666666666666,0.5416666666666666,0.5208711433756805,,0.6206896551724138,0.42105263157894735,
xgb,subjectz,armhand,2,24,0.625,0.625,0.6243478260869566,,0.6086956521739131,0.64,
xgb,subjectz,armhand,4,24,0.4583333333333333,0.45833333333333337,0.4497354497354497,,0.5185185185185185,0.38095238095238093,
xgb,subjectz,armhand,5,24,0.4583333333333333,0.45833333333333337,0.4497354497354497,,0.38095238095238093,0.5185185185185185,
xgb,subjectz,armhand,6,24,0.5833333333333334,0.5833333333333334,0.5714285714285714,,0.5,0.6428571428571429,
xgb,subjectz,armhand,8,24,0.4166666666666667,0.41666666666666663,0.4125874125874126,,0.36363636363636365,0.46153846153846156,
xgb,subjectz,armhand,11,24,0.5416666666666666,0.5416666666666667,0.5408695652173914,,0.5217391304347826,0.56,
xgb,subjectz,armhand,12,24,0.5,0.5,0.4857142857142857,,0.5714285714285714,0.4,
xgb,subjectz,armhand,13,24,0.4583333333333333,0.45833333333333337,0.45739130434782604,,0.43478260869565216,0.48,
xgb,subjectz,armhand,15,24,0.4583333333333333,0.45833333333333337,0.4497354497354497,,0.38095238095238093,0.5185185185185185,
xgb,subjectz,armhand,16,24,0.5416666666666666,0.5416666666666666,0.5208711433756805,,0.6206896551724138,0.42105263157894735,
xgb,subjectz,armhand,18,24,0.625,0.625,0.6190476190476191,,0.5714285714285714,0.6666666666666666,
xgb,subjectz,armhand,21,24,0.5,0.5,0.49650349650349646,,0.5384615384615384,0.45454545454545453,
xgb,subjectz,armhand,22,24,0.4583333333333333,0.45833333333333337,0.4497354497354497,,0.38095238095238093,0.5185185185185185,
xgb,subjectz,armhand,24,24,0.625,0.625,0.6079854809437386,,0.5263157894736842,0.6896551724137931,
xgb,subjectz,armhand,25,24,0.625,0.625,0.6243478260869566,,0.6086956521739131,0.64,
xgb,subjectz,armhand,27,24,0.4166666666666667,0.4166666666666667,0.4166666666666667,,0.4166666666666667,0.4166666666666667,
xgb,subjectz,armhand,28,24,0.4583333333333333,0.45833333333333337,0.4497354497354497,,0.5185185185185185,0.38095238095238093,
xgb,subjectz,armhand,29,24,0.5416666666666666,0.5416666666666667,0.5408695652173914,,0.56,0.5217391304347826,
xgb,subjectz,armhand,30,24,0.5416666666666666,0.5416666666666667,0.5408695652173914,,0.56,0.5217391304347826,
xgb,subjectz,armhand,34,24,0.6666666666666666,0.6666666666666667,0.6643356643356644,,0.6923076923076923,0.6363636363636364,
xgb,subjectz,armhand,36,24,0.4583333333333333,0.45833333333333337,0.45739130434782604,,0.48,0.43478260869565216,
xgb,subjectz,armhand,37,24,0.5,0.5,0.49650349650349646,,0.45454545454545453,0.5384615384615384,
xgb,subjectz,armhand,41,24,0.5,0.5,0.49650349650349646,,0.45454545454545453,0.5384615384615384,
xgb,subjectz,armhand,42,24,0.625,0.625,0.6190476190476191,,0.5714285714285714,0.6666666666666666,
xgb,subjectz,armhand,43,24,0.4583333333333333,0.45833333333333337,0.45739130434782604,,0.43478260869565216,0.48,
xgb,subjectz,armhand,44,24,0.5416666666666666,0.5416666666666666,0.5208711433756805,,0.6206896551724138,0.42105263157894735,
xgb,subjectz,armhand,45,24,0.6666666666666666,0.6666666666666667,0.6643356643356644,,0.6923076923076923,0.6363636363636364,
xgb,subjectz,armhand,46,24,0.625,0.625,0.6190476190476191,,0.6666666666666666,0.5714285714285714,
xgb,subjectz,armhand,47,24,0.4166666666666667,0.41666666666666663,0.4125874125874126,,0.46153846153846156,0.36363636363636365,
xgb,subjectz,armhand,48,24,0.5,0.5,0.5,,0.5,0.5,
xgb,subjectz,armhand,49,24,0.625,0.625,0.6190476190476191,,0.6666666666666666,0.5714285714285714,
xgb,subjectz,armhand,52,24,0.6666666666666666,0.6666666666666666,0.6666666666666666,,0.6666666666666666,0.6666666666666666,
xgb,subjectz,armhand,53,24,0.5,0.5,0.5,,0.5,0.5,
xgb,subjectz,armhand,55,24,0.3333333333333333,0.3333333333333333,0.3333333333333333,,0.3333333333333333,0.3333333333333333,
xgb,subjectz,armhand,56,24,0.375,0.375,0.36507936507936506,,0.2857142857142857,0.4444444444444444,
xgb,subjectz,armhand,57,24,0.5,0.5,0.49650349650349646,,0.45454545454545453,0.5384615384615384,
xgb,subjectz,armhand,58,24,0.625,0.625,0.6190476190476191,,0.5714285714285714,0.6666666666666666,
xgb,subjectz,armhand,59,24,0.5,0.5,0.5,,0.5,0.5,
xgb,subjectz,armhand,60,24,0.4583333333333333,0.45833333333333337,0.45739130434782604,,0.43478260869565216,0.48,
xgb,subjectz,armhand,63,24,0.4166666666666667,0.4166666666666667,0.4166666666666667,,0.4166666666666667,0.4166666666666667,
